system_id,date,pr,avg_ac_power_kw
34,2020-01-01,inf,21.381249999999998
34,2020-01-02,inf,18.604166666666664
34,2020-01-03,inf,16.040625000000002
34,2020-01-04,inf,16.413541666666667
34,2020-01-05,inf,16.802083333333332
34,2020-01-06,inf,18.440625
34,2020-01-07,inf,18.226041666666664
34,2020-01-08,inf,18.898958333333333
34,2020-01-09,inf,16.75625
34,2020-01-10,inf,19.309375
34,2020-01-11,inf,19.152083333333334
34,2020-01-12,inf,17.494791666666668
34,2020-01-13,inf,18.838541666666668
34,2020-01-14,inf,18.768749999999997
34,2020-01-15,inf,17.926041666666666
34,2020-01-16,inf,19.140625
34,2020-01-17,inf,18.282291666666666
34,2020-01-18,inf,17.597916666666666
34,2020-01-19,inf,17.257291666666667
34,2020-01-20,inf,7.684374999999999
34,2020-01-21,inf,14.927083333333334
34,2020-01-22,inf,18.224999999999998
34,2020-01-23,inf,19.139583333333334
34,2020-01-24,inf,18.416666666666668
34,2020-01-25,inf,17.904166666666665
34,2020-01-26,inf,18.727083333333333
34,2020-01-27,inf,19.881249999999998
34,2020-01-28,inf,8.076470588235294
34,2020-01-29,inf,9.280208333333336
34,2020-01-30,inf,9.285416666666666
34,2020-01-31,inf,9.278125
34,2020-02-01,inf,9.347916666666668
34,2020-02-02,inf,9.960416666666667
34,2020-02-03,inf,11.069791666666667
34,2020-02-04,inf,11.399999999999999
34,2020-02-05,inf,10.454166666666667
34,2020-02-06,inf,9.64375
34,2020-02-07,inf,10.169791666666667
34,2020-02-08,inf,10.278125
34,2020-02-09,inf,6.939583333333334
34,2020-02-10,inf,10.91145833333333
34,2020-02-11,inf,11.664583333333335
34,2020-02-12,inf,11.007291666666667
34,2020-02-13,inf,10.801041666666665
34,2020-02-14,inf,10.998958333333333
34,2020-02-15,inf,10.158333333333333
34,2020-02-16,inf,9.598958333333334
34,2020-02-17,inf,10.579166666666667
34,2020-02-18,inf,10.828124999999998
34,2020-02-19,inf,11.238541666666668
34,2020-02-20,inf,11.525
34,2020-02-21,inf,11.227083333333335
34,2020-02-22,inf,4.889583333333333
34,2020-02-23,inf,11.967708333333334
34,2020-02-24,inf,12.358333333333333
34,2020-02-25,inf,13.319791666666667
34,2020-02-26,inf,12.603124999999999
34,2020-02-27,inf,12.115625
34,2020-02-28,inf,8.55625
34,2020-02-29,inf,8.232291666666665
34,2020-03-01,inf,11.797916666666667
34,2020-03-02,inf,13.183333333333332
34,2020-03-03,inf,13.361458333333331
34,2020-03-04,inf,12.911458333333334
34,2020-03-05,inf,12.556250000000004
34,2020-03-06,0.9853237410436364,12.034375000000002
34,2020-03-07,inf,11.518749999999999
34,2020-03-08,inf,13.689583333333331
34,2020-03-09,inf,12.422916666666667
34,2020-03-10,inf,3.5729166666666665
34,2020-03-11,inf,10.561458333333336
34,2020-03-12,inf,9.15
34,2020-03-13,inf,7.407291666666668
34,2020-03-14,inf,14.606249999999998
34,2020-03-15,inf,12.161458333333334
34,2020-03-16,inf,6.867532467532467
34,2020-03-17,,
34,2020-03-18,,
34,2020-03-19,inf,55.28800000000001
34,2020-03-20,inf,23.483333333333334
34,2020-03-21,inf,26.648958333333336
34,2020-03-22,inf,25.562499999999996
34,2020-03-23,inf,23.033333333333335
34,2020-03-24,inf,33.053124999999994
34,2020-03-25,inf,33.15625000000001
34,2020-03-26,inf,29.620833333333334
34,2020-03-27,inf,32.22291666666667
34,2020-03-28,inf,31.130208333333332
34,2020-03-29,inf,22.63333333333333
34,2020-03-30,inf,32.07083333333333
34,2020-03-31,inf,31.376041666666666
34,2020-04-01,14.597460154549967,31.917708333333334
34,2020-04-02,inf,35.001041666666666
34,2020-04-03,inf,32.03854166666667
34,2020-04-04,inf,32.74166666666667
34,2020-04-05,inf,33.75416666666667
34,2020-04-06,inf,15.259375
34,2020-04-07,inf,24.454166666666666
34,2020-04-08,inf,25.397916666666664
34,2020-04-09,inf,28.34166666666667
34,2020-04-10,inf,18.083333333333336
34,2020-04-11,inf,33.190625000000004
34,2020-04-12,inf,20.738541666666666
34,2020-04-13,inf,18.29605263157895
34,2020-04-14,,
34,2020-04-15,inf,87.36470588235294
34,2020-04-16,29.508710018460143,32.186458333333334
34,2020-04-17,inf,31.355208333333334
34,2020-04-18,inf,26.490625000000005
34,2020-04-19,10.306091488552374,31.909374999999997
34,2020-04-20,12.758331553411292,29.778125000000003
34,2020-04-21,31.997222043724378,31.495833333333334
34,2020-04-22,4.861336085684467,34.202083333333334
34,2020-04-23,4.680378866440965,35.096875000000004
34,2020-04-24,7.551950136487925,34.41979166666666
34,2020-04-25,5.37718486479789,33.31249999999999
34,2020-04-26,4.641090392772323,25.304166666666664
34,2020-04-27,2.7008076078343732,32.830208333333324
34,2020-04-28,2.3622193747126095,33.24791666666666
34,2020-04-29,2.23685331992009,31.72604166666667
34,2020-04-30,2.0838896533820046,29.114583333333332
34,2020-05-01,2.352770897529928,33.588541666666664
34,2020-05-02,2.590281952981238,33.994791666666664
34,2020-05-03,3.329081231346751,34.520833333333336
34,2020-05-04,5.21515285262931,35.46875
34,2020-05-05,3.087105228189377,35.123958333333334
34,2020-05-06,3.0047049306402256,32.65208333333334
34,2020-05-07,2.185402882519306,34.621875
34,2020-05-08,3.4281473158566143,34.635416666666664
34,2020-05-09,1.5409774476592635,33.73229166666666
34,2020-05-10,2.782985131013126,31.854166666666668
34,2020-05-11,3.0133565349860842,36.753125
34,2020-05-12,277.5960069993222,39.822916666666664
34,2020-05-13,14.393863722067293,34.33958333333333
34,2020-05-14,2.4269722706773247,34.83333333333333
34,2020-05-15,2.7878005551604126,34.44999999999999
34,2020-05-16,2.144349929387329,30.916666666666668
34,2020-05-17,2.68874719824913,31.505208333333332
34,2020-05-18,2.3728350818330766,37.06249999999999
34,2020-05-19,111.43881552024645,37.49270833333333
34,2020-05-20,inf,37.77916666666666
34,2020-05-21,9.05763101685816,36.253125000000004
34,2020-05-22,4.693097594794482,35.04479166666667
34,2020-05-23,84.07023653451799,37.047916666666666
34,2020-05-24,12.302120115910027,36.310416666666676
34,2020-05-25,3.845284690174477,37.025000000000006
34,2020-05-26,2.0731708488788025,34.31979166666667
34,2020-05-27,2.5126135689944515,33.153124999999996
34,2020-05-28,1.7606040410506532,32.77708333333334
34,2020-05-29,2.1075984627428985,34.59374999999999
34,2020-05-30,2.1661507976068264,29.420833333333334
34,2020-05-31,2.521103687959625,33.725
34,2020-06-01,2.518676965418712,33.36770833333333
34,2020-06-02,3.701886053556478,25.32708333333333
34,2020-06-03,2.570212344028153,31.598958333333332
34,2020-06-04,2.290516524552122,32.813541666666666
34,2020-06-05,2.1579848183806782,29.73541666666667
34,2020-06-06,10.680560676471012,38.07708333333333
34,2020-06-07,7.295645286052085,37.721875000000004
34,2020-06-08,348.65607189715166,39.05833333333334
34,2020-06-09,4.821888560090755,36.630208333333336
34,2020-06-10,1.6720771087551185,35.546875
34,2020-06-11,2.3884726876291626,34.809375
34,2020-06-12,2.6303555509033747,35.48020833333334
34,2020-06-13,2.7437254590556517,33.965624999999996
34,2020-06-14,2.7349471400519376,35.321875
34,2020-06-15,2.038591202459205,35.07083333333333
34,2020-06-16,2.1429759851436816,36.95104166666667
34,2020-06-17,2.3682044094068977,36.045833333333334
34,2020-06-18,2.611917353800496,35.29479166666666
34,2020-06-19,2.6791962106274125,34.8375
34,2020-06-20,2.1414935971273428,33.87708333333333
34,2020-06-21,2.4086052918056904,33.69166666666666
34,2020-06-22,2.2299476428522156,33.240625
34,2020-06-23,2.3648725295060635,33.135416666666664
34,2020-06-24,2.2427205914493498,31.516666666666666
34,2020-06-25,2.228069842630319,31.58020833333333
34,2020-06-26,2.75898813546355,30.911458333333332
34,2020-06-27,2.918554260130159,34.12708333333334
34,2020-06-28,2.7398577684727337,35.109375
34,2020-06-29,3.384445405687585,33.0625
34,2020-06-30,3.2122245095078528,35.567708333333336
34,2020-07-01,2.6144118994752463,35.46770833333333
34,2020-07-02,2.2690988854610508,35.16041666666667
34,2020-07-03,3.0344830860594993,34.690625000000004
34,2020-07-04,2.7302757535992397,34.18125
34,2020-07-05,1.8930654122058177,33.31875
34,2020-07-06,2.0359854160325175,33.82604166666667
34,2020-07-07,2.673766169394148,37.083333333333336
34,2020-07-08,2.6134780534899025,36.046875
34,2020-07-09,2.2285934210483407,34.911458333333336
34,2020-07-10,2.6646810728697767,33.571875
34,2020-07-11,2.4391091939062424,30.395833333333332
34,2020-07-12,2.436282038335922,32.494791666666664
34,2020-07-13,2.0410831886928134,34.53125
34,2020-07-14,2.6873401904724266,35.63229166666667
34,2020-07-15,2.251959756916733,33.16770833333333
34,2020-07-16,2.21527452195965,33.60520833333334
34,2020-07-17,2.022738464335289,33.849999999999994
34,2020-07-18,2.172489210908878,32.55833333333333
34,2020-07-19,2.7981454655626212,30.186458333333334
34,2020-07-20,2.224785476478908,27.608333333333334
34,2020-07-21,2.111984056160414,29.708333333333332
34,2020-07-22,2.529978557352483,33.5375
34,2020-07-23,2.4203969520390674,33.88333333333333
34,2020-07-24,3.010463133245583,33.552083333333336
34,2020-07-25,2.070278640743706,33.165625
34,2020-07-26,1.8462519402018176,27.97065217391304
35,2020-01-01,,
35,2020-01-02,,
35,2020-01-03,,
35,2020-01-04,,
35,2020-01-05,,
35,2020-01-06,,
35,2020-01-07,,
35,2020-01-08,,
35,2020-01-09,,
35,2020-01-10,,
35,2020-01-11,,
35,2020-01-12,,
35,2020-01-13,,
35,2020-01-14,inf,41.86
35,2020-01-15,inf,12.591666666666667
35,2020-01-16,inf,13.485416666666666
35,2020-01-17,inf,13.044791666666667
35,2020-01-18,inf,12.439583333333331
35,2020-01-19,inf,12.134375
35,2020-01-20,inf,6.151041666666667
35,2020-01-21,inf,10.746875000000001
35,2020-01-22,inf,12.757291666666665
35,2020-01-23,inf,13.509374999999999
35,2020-01-24,inf,13.181249999999999
35,2020-01-25,inf,12.699999999999998
35,2020-01-26,inf,13.893749999999997
35,2020-01-27,inf,13.905208333333334
35,2020-01-28,inf,11.359375
35,2020-01-29,inf,15.340625000000001
35,2020-01-30,inf,14.829166666666666
35,2020-01-31,inf,14.726041666666667
35,2020-02-01,inf,14.969791666666667
35,2020-02-02,inf,15.927083333333334
35,2020-02-03,inf,17.083333333333332
35,2020-02-04,inf,17.667708333333334
35,2020-02-05,inf,5.922666666666667
35,2020-02-06,,
35,2020-02-07,,
35,2020-02-08,,
35,2020-02-09,,
35,2020-02-10,,
35,2020-02-11,,
35,2020-02-12,,
35,2020-02-13,,
35,2020-02-14,,
35,2020-02-15,,
35,2020-02-16,,
35,2020-02-17,,
35,2020-02-18,,
35,2020-02-19,,
35,2020-02-20,,
35,2020-02-21,,
35,2020-02-22,,
35,2020-02-23,,
35,2020-02-24,,
35,2020-02-25,,
35,2020-02-26,,
35,2020-02-27,,
35,2020-02-28,,
35,2020-02-29,,
35,2020-03-01,,
35,2020-03-02,,
35,2020-03-03,,
35,2020-03-04,,
35,2020-03-05,,
35,2020-03-06,0.0,
35,2020-03-07,,
35,2020-03-08,,
35,2020-03-09,,
35,2020-03-10,,
35,2020-03-11,,
35,2020-03-12,,
35,2020-03-13,,
35,2020-03-14,,
35,2020-03-15,,
35,2020-03-16,,
35,2020-03-17,,
35,2020-03-18,,
35,2020-03-19,,
35,2020-03-20,,
35,2020-03-21,,
35,2020-03-22,,
35,2020-03-23,,
35,2020-03-24,,
35,2020-03-25,,
35,2020-03-26,,
35,2020-03-27,,-0.2
35,2020-03-28,-inf,-0.22916666666666666
35,2020-03-29,-inf,-0.24583333333333338
35,2020-03-30,-inf,-0.23020833333333335
35,2020-03-31,-inf,-0.23229166666666667
35,2020-04-01,-0.045399584148708524,-0.23020833333333335
35,2020-04-02,-inf,-0.22658227848101264
35,2020-04-03,,
35,2020-04-04,,
35,2020-04-05,,
35,2020-04-06,,
35,2020-04-07,,
35,2020-04-08,,
35,2020-04-09,inf,49.888888888888886
35,2020-04-10,inf,14.870833333333335
35,2020-04-11,inf,26.420833333333334
35,2020-04-12,inf,16.73125
35,2020-04-13,inf,13.23157894736842
35,2020-04-14,,
35,2020-04-15,inf,71.03636363636363
35,2020-04-16,28.254353759005287,26.351041666666664
35,2020-04-17,inf,25.095833333333335
35,2020-04-18,inf,21.20625
35,2020-04-19,9.54510126778496,25.704166666666666
35,2020-04-20,12.391652204143112,23.529166666666658
35,2020-04-21,31.740879748539424,25.905208333333334
35,2020-04-22,4.624342309977722,27.30210526315789
35,2020-04-23,4.437184577220115,28.53958333333334
35,2020-04-24,7.261101718197316,28.084375000000005
35,2020-04-25,5.144980706540116,26.989473684210527
35,2020-04-26,4.6332376255823835,21.14166666666667
35,2020-04-27,2.580092160978507,26.175
35,2020-04-28,2.269251271031106,27.175
35,2020-04-29,2.1882937551726154,26.114583333333332
35,2020-04-30,2.046433526794558,24.334374999999998
35,2020-05-01,2.2647291434993866,27.169473684210526
35,2020-05-02,2.4574872565870627,27.357894736842105
35,2020-05-03,3.2094247550224693,28.485416666666662
35,2020-05-04,5.0315821569801304,29.13333333333333
35,2020-05-05,2.96735500693402,28.93229166666667
35,2020-05-06,2.9222948123408385,26.91354166666667
35,2020-05-07,2.1174645565252397,28.198958333333337
35,2020-05-08,3.3350691719130943,28.65729166666667
35,2020-05-09,1.4720847151612468,27.70315789473684
35,2020-05-10,2.6120817828467646,26.31979166666667
35,2020-05-11,2.9210517609127935,30.253124999999997
35,2020-05-12,268.6061169424904,33.016666666666666
35,2020-05-13,13.911813571015037,28.512499999999992
35,2020-05-14,2.3700391606064075,28.990624999999998
35,2020-05-15,2.67683633202196,28.461458333333336
35,2020-05-16,2.106175795882019,25.724999999999998
35,2020-05-17,2.573176875349137,25.409374999999997
35,2020-05-18,2.2986047566096466,30.192708333333332
35,2020-05-19,107.62059202606054,31.148958333333336
35,2020-05-20,inf,31.308333333333337
35,2020-05-21,8.710883652745533,30.01875
35,2020-05-22,4.582533854457283,28.78958333333333
35,2020-05-23,81.0589814060888,29.82736842105263
35,2020-05-24,11.874764114729347,30.442708333333332
35,2020-05-25,3.7458249346233794,31.025000000000002
35,2020-05-26,2.012050566985081,28.519791666666663
35,2020-05-27,2.4591702411505367,27.844791666666666
35,2020-05-28,1.7364472462985456,27.423958333333335
35,2020-05-29,2.071295844745019,29.006249999999998
35,2020-05-30,2.0878548912250894,23.90625
35,2020-05-31,2.4490258870699475,27.777083333333334
35,2020-06-01,2.4837244202567796,27.410416666666663
35,2020-06-02,3.71655762653335,21.246875
35,2020-06-03,2.5222946090546094,26.41875
35,2020-06-04,2.2497645236563018,27.623958333333334
35,2020-06-05,1.7068283961023005,19.178125
35,2020-06-06,-0.03415233251085234,-0.234375
35,2020-06-07,-0.025371350807502732,-0.24375
35,2020-06-08,-1.041428978139322,-0.22604166666666667
35,2020-06-09,-0.018359601610288084,-0.23020833333333335
35,2020-06-10,-0.005810194766414791,-0.234375
35,2020-06-11,-0.009657545310270951,-0.23229166666666665
35,2020-06-12,-0.009201942030797416,-0.240625
35,2020-06-13,-0.010914035604740848,-0.23645833333333333
35,2020-06-14,-0.010481476489957862,-0.23789473684210527
35,2020-06-15,-0.008081459726348064,-0.2354166666666667
35,2020-06-16,-0.006742578491354553,-0.234375
35,2020-06-17,-0.009272561843287631,-0.23789473684210524
35,2020-06-18,-0.009028089694576686,-0.23368421052631577
35,2020-06-19,-0.009214258551087161,-0.22395833333333334
35,2020-06-20,-0.008078552353971136,-0.234375
35,2020-06-21,-0.009236590441993367,-0.24583333333333332
35,2020-06-22,-0.008766951033292145,-0.23645833333333335
35,2020-06-23,-0.00845689788380012,-0.22708333333333333
35,2020-06-24,-0.008221454634907258,-0.2270833333333333
35,2020-06-25,-0.008007116368658071,-0.22291666666666665
35,2020-06-26,-0.010359612745313555,-0.23645833333333335
35,2020-06-27,-0.010159275212293312,-0.2260416666666666
35,2020-06-28,-0.010555779691863578,-0.24791666666666667
35,2020-06-29,-0.013662376886654308,-0.22526315789473683
35,2020-06-30,-0.010159343950402893,-0.2326315789473684
35,2020-07-01,-0.008902259142044414,-0.23473684210526313
35,2020-07-02,-0.00820704457257685,-0.23645833333333335
35,2020-07-03,-0.010245414525085273,-0.23124999999999998
35,2020-07-04,-0.009350381093709842,-0.23333333333333336
35,2020-07-05,-0.007857287455598055,-0.23750000000000002
35,2020-07-06,-0.006820054536297361,-0.2177083333333333
35,2020-07-07,-0.009007657417346762,-0.23124999999999998
35,2020-07-08,-0.008624901544530971,-0.234375
35,2020-07-09,-0.00805889496924821,-0.23124999999999998
35,2020-07-10,-0.009869113896717185,-0.23645833333333335
35,2020-07-11,-0.008990306323692878,-0.21562500000000004
35,2020-07-12,-0.008563802855522142,-0.22187500000000004
35,2020-07-13,-0.0068062172653755495,-0.22291666666666668
35,2020-07-14,-0.008511594198336787,-0.2231578947368421
35,2020-07-15,-0.008226165754421902,-0.21894736842105264
35,2020-07-16,-0.008546020221497102,-0.22187500000000002
35,2020-07-17,-0.006687475636991256,-0.21458333333333332
35,2020-07-18,-0.007547547245645658,-0.21999999999999997
35,2020-07-19,-0.010187094008903594,-0.23541666666666664
35,2020-07-20,2.1834033492512774,20.508333333333336
35,2020-07-21,2.0557240684854348,24.505208333333332
35,2020-07-22,2.468411986101041,27.758333333333336
35,2020-07-23,2.3717331840631903,28.13958333333333
35,2020-07-24,2.9299482378349992,27.7778947368421
35,2020-07-25,1.9955384034077612,27.684375
35,2020-07-26,1.7947282977325008,23.451086956521745
1239,2020-01-01,0.0007214432683822575,0.006315789473684211
1239,2020-01-02,0.00330525957718794,0.011875000000000002
1239,2020-01-03,0.004215342348860249,0.011250000000000001
1239,2020-01-04,0.0014770117419833947,0.01
1239,2020-01-05,0.0024490894070064886,0.010833333333333334
1239,2020-01-06,0.0014451025695884402,0.008842105263157896
1239,2020-01-07,0.0011620931120970217,0.00875
1239,2020-01-08,0.004429069902672695,0.010416666666666666
1239,2020-01-09,0.0017364983168415688,0.010833333333333334
1239,2020-01-10,0.005999089866078238,0.008210526315789474
1239,2020-01-11,0.00887979030055533,0.011041666666666667
1239,2020-01-12,0.0032862102353050614,0.009791666666666669
1239,2020-01-13,0.0009607304222193157,0.0077083333333333335
1239,2020-01-14,0.002121976974309021,0.008541666666666668
1239,2020-01-15,0.0026122655715781896,0.010833333333333334
1239,2020-01-16,0.002824485924920057,0.011458333333333334
1239,2020-01-17,0.0005840692657479852,0.009583333333333334
1239,2020-01-18,0.0,0.00736842105263158
1239,2020-01-19,0.0,0.004375
1239,2020-01-20,0.0007287504636128263,0.007083333333333334
1239,2020-01-21,0.0013584925058625062,0.008958333333333334
1239,2020-01-22,0.0028124950435183503,0.010625
1239,2020-01-23,0.0016870386366870719,0.009375000000000001
1239,2020-01-24,0.0022088083499935463,0.010625
1239,2020-01-25,0.0011665401857135708,0.009583333333333334
1239,2020-01-26,0.004501414052603696,0.009375
1239,2020-01-27,0.002243378115378067,0.010927835051546392
1239,2020-01-28,0.0023763660808296914,0.010833333333333334
1239,2020-01-29,0.0018524052779055457,0.011458333333333334
1239,2020-01-30,0.0015145774737662942,0.010833333333333334
1239,2020-01-31,0.001206913140537166,0.012291666666666668
1239,2020-02-01,0.001924834385709586,0.012083333333333335
1239,2020-02-02,0.0025968282298451414,0.012708333333333334
1239,2020-02-03,0.002096766688476395,0.012916666666666667
1239,2020-02-04,0.004735900363544934,0.013958333333333331
1239,2020-02-05,0.0025949991833018574,0.014374999999999999
1239,2020-02-06,0.004986546695938096,0.01333333333333333
1239,2020-02-07,0.0,0.012083333333333335
1239,2020-02-08,0.0007899058814630127,0.010721649484536083
1239,2020-02-09,0.00017241706688736933,0.005625000000000001
1239,2020-02-10,0.005103627315331981,0.010416666666666666
1239,2020-02-11,0.0047519198551081235,0.011340206185567012
1239,2020-02-12,0.0011412827934600077,0.011875000000000002
1239,2020-02-13,0.003674458930043418,0.014374999999999999
1239,2020-02-14,0.0011022984554197217,0.011041666666666667
1239,2020-02-15,0.0004242036351854276,0.008958333333333334
1239,2020-02-16,0.0017578722107240762,0.010515463917525773
1239,2020-02-17,0.0017787887818127898,0.011041666666666667
1239,2020-02-18,0.0035632887656102718,0.01375
1239,2020-02-19,0.0016868971774885349,0.012421052631578947
1239,2020-02-20,0.0012473792854713255,0.012083333333333333
1239,2020-02-21,0.0011184521658516606,0.010416666666666666
1239,2020-02-22,0.0006574745483186671,0.013125
1239,2020-02-23,0.0009348474483890024,0.011875000000000002
1239,2020-02-24,0.0018978605463609527,0.014374999999999999
1239,2020-02-25,0.0023557960225487774,0.014432989690721649
1239,2020-02-26,0.0020183245000930084,0.015416666666666667
1239,2020-02-27,0.006836447039625369,0.01625
1239,2020-02-28,0.0016495601876645243,0.012916666666666668
1239,2020-02-29,0.001779260924135057,0.014845360824742268
1239,2020-03-01,0.0014808844415283263,0.015416666666666667
1239,2020-03-02,0.0033613469331278995,0.015625
1239,2020-03-03,0.0024926247750787825,0.01770833333333333
1239,2020-03-04,0.0046983674041726625,0.014942528735632182
1239,2020-03-05,0.0011327226641194843,0.012708333333333335
1239,2020-03-06,0.0017710617980914599,0.014791666666666667
1239,2020-03-07,0.00113836888039061,0.013958333333333335
1239,2020-03-08,0.035119357698208384,0.11770833333333335
1239,2020-03-09,0.018294381659975278,0.017083333333333336
1239,2020-03-10,0.00267526587006238,0.009166666666666668
1239,2020-03-11,0.0009024066810783179,0.00875
1239,2020-03-12,0.0005230540797312707,0.0088659793814433
1239,2020-03-13,0.0028694290637307765,0.010208333333333335
1239,2020-03-14,0.001803459190546342,0.01375
1239,2020-03-15,0.0010557771814860872,0.013125000000000003
1239,2020-03-16,0.001039264718050309,0.011041666666666667
1239,2020-03-17,0.004553543889052026,0.015208333333333332
1239,2020-03-18,0.0013250780967903296,0.014583333333333332
1239,2020-03-19,0.0019410094012867994,0.013749999999999998
1239,2020-03-20,0.0040157360310855246,0.012083333333333335
1239,2020-03-21,0.2148697032805178,0.9883673469387755
1239,2020-03-22,0.26880214409530084,1.1779166666666667
1239,2020-03-23,0.25126975278222774,0.8241666666666667
1239,2020-03-24,0.18736787622821757,0.414375
1239,2020-03-25,0.2914630289272066,1.2803229166666665
1239,2020-03-26,0.3309471213296577,1.4845833333333334
1239,2020-03-27,0.10054797235543328,0.21979166666666664
1239,2020-03-28,0.3513258475261967,1.7504166666666672
1239,2020-03-29,0.393962315753159,1.2914583333333334
1239,2020-03-30,0.0017955758842122898,0.01
1239,2020-03-31,0.0016695331925507821,0.01360824742268041
1239,2020-04-01,0.0017791652332342957,0.01
1239,2020-04-02,0.006044594953142893,0.014791666666666667
1239,2020-04-03,0.002186308672205858,0.017684210526315785
1239,2020-04-04,0.0018643507866043332,0.016666666666666666
1239,2020-04-05,0.0024521425301854897,0.01690721649484536
1239,2020-04-06,0.0017093801133563383,0.018125
1239,2020-04-07,0.0026716021568629796,0.016458333333333332
1239,2020-04-08,0.0015904832202302541,0.017083333333333332
1239,2020-04-09,0.004005220551859411,0.017916666666666668
1239,2020-04-10,0.011747161979643015,0.015
1239,2020-04-11,0.002018592033817146,0.015416666666666667
1239,2020-04-12,0.0017513594956595562,0.016666666666666666
1239,2020-04-13,0.007927394432465252,0.017916666666666664
1239,2020-04-14,0.0015874216598759404,0.017499999999999998
1239,2020-04-15,0.0019206793538140137,0.017083333333333332
1239,2020-04-16,0.0016820067500658347,0.014374999999999999
1239,2020-04-17,0.0022769231038257992,0.015833333333333335
1239,2020-04-18,0.0014281852929701393,0.015510204081632653
1239,2020-04-19,0.0015981161028945185,0.016666666666666666
1239,2020-04-20,0.0015570961028410159,0.017291666666666664
1239,2020-04-21,0.0014133309312258041,0.013749999999999998
1239,2020-04-22,0.004236602165076561,0.012783505154639177
1239,2020-04-23,0.001225419280343843,0.012040816326530614
1239,2020-04-24,0.0014809493132519806,0.014166666666666666
1239,2020-04-25,0.0013601680029898364,0.015416666666666667
1239,2020-04-26,0.0017045679150911406,0.01708333333333333
1239,2020-04-27,0.002511213018144358,0.017938144329896905
1239,2020-04-28,0.002024108764529083,0.01833333333333333
1239,2020-04-29,0.0017472866473018387,0.01857142857142857
1239,2020-04-30,0.0031849072079611334,0.01875
1239,2020-05-01,0.009518324430717585,0.018125
1239,2020-05-02,0.0021277909158483217,0.018541666666666665
1239,2020-05-03,0.004382274973849254,0.016458333333333335
1239,2020-05-04,0.004266052391525935,0.01855670103092783
1239,2020-05-05,0.003477743521766584,0.016874999999999998
1239,2020-05-06,0.0019201103311315727,0.016666666666666666
1239,2020-05-07,0.0019343362688748575,0.015463917525773196
1239,2020-05-08,0.0024765095298662277,0.016249999999999997
1239,2020-05-09,0.0049117047397459574,0.012708333333333334
1239,2020-05-10,0.0014207940543778524,0.010625
1239,2020-05-11,0.0014512713648945363,0.013333333333333334
1239,2020-05-12,0.004433757079911981,0.014791666666666667
1239,2020-05-13,0.0013736452540441836,0.013958333333333331
1239,2020-05-14,0.0014985877918288076,0.017083333333333332
1239,2020-05-15,0.003698161750569808,0.017113402061855666
1239,2020-05-16,0.0022590620198697405,0.01855670103092783
1239,2020-05-17,0.0016327131122261616,0.018541666666666665
1239,2020-05-18,0.0017195149429117642,0.018125
1239,2020-05-19,0.0017023296237381373,0.018762886597938143
1239,2020-05-20,0.0015956495568574815,0.017916666666666664
1239,2020-05-21,0.0012795845277703698,0.015625
1239,2020-05-22,0.0015413405009262007,0.015670103092783504
1239,2020-05-23,0.0013270998061100812,0.01693877551020408
1239,2020-05-24,0.001281124926239617,0.014845360824742268
1239,2020-05-25,0.0013745401978648604,0.016874999999999998
1239,2020-05-26,0.0015905571700134981,0.018125
1239,2020-05-27,0.001274263549575631,0.014020618556701031
1239,2020-05-28,0.0003529620359455634,0.006250000000000001
1239,2020-05-29,0.0008721118615774735,0.010625
1239,2020-05-30,0.002644176528017261,0.013125
1239,2020-05-31,0.0025724105160866294,0.018105263157894735
1239,2020-06-01,0.0026451166544056693,0.01770833333333333
1239,2020-06-02,0.001556582409502631,0.017291666666666667
1239,2020-06-03,0.0023556102832473576,0.01855670103092783
1239,2020-06-04,0.0015916243410658084,0.016082474226804123
1239,2020-06-05,0.0022186133886501437,0.01711340206185567
1239,2020-06-06,0.0318259990292148,0.016041666666666666
1239,2020-06-07,0.0029322297065026664,0.018350515463917524
1239,2020-06-08,0.0016754484021323656,0.019791666666666666
1239,2020-06-09,0.0019152644920323381,0.01958333333333333
1239,2020-06-10,0.002070184311599696,0.019791666666666666
1239,2020-06-11,0.010146107443693911,0.02
1239,2020-06-12,0.001601567812400434,0.018144329896907216
1239,2020-06-13,0.0026688582903930053,0.017499999999999998
1239,2020-06-14,0.0021095951560319865,0.018105263157894735
1239,2020-06-15,0.0011388532627749659,0.015625
1239,2020-06-16,0.0015039739126701005,0.017916666666666664
1239,2020-06-17,0.0014397195012609983,0.01625
1239,2020-06-18,0.001144490270567352,0.013473684210526317
1239,2020-06-19,0.0009092246890483794,0.010927835051546392
1239,2020-06-20,0.0008277645190562828,0.011458333333333334
1239,2020-06-21,0.001097474226373343,0.013125
1239,2020-06-22,0.001455671168932918,0.014105263157894735
1239,2020-06-23,0.0010693881925557328,0.01195876288659794
1239,2020-06-24,0.0019374238747411135,0.014583333333333332
1239,2020-06-25,0.0014981610073634614,0.015833333333333335
1239,2020-06-26,0.0024095737105561455,0.016874999999999998
1239,2020-06-27,0.002319507694326592,0.016874999999999998
1239,2020-06-28,0.0020783888825535437,0.015833333333333335
1239,2020-06-29,0.006381806939711464,0.01690721649484536
1239,2020-06-30,0.0037016290228947947,0.018125
1239,2020-07-01,0.0018104380983285672,0.01770833333333333
1239,2020-07-02,0.0015514241502775463,0.016041666666666666
1239,2020-07-03,0.0019570684721515086,0.01833333333333333
1239,2020-07-04,0.0014572561054429865,0.016458333333333332
1239,2020-07-05,0.004461314351461517,0.01770833333333333
1239,2020-07-06,0.0021350042662402506,0.018541666666666665
1239,2020-07-07,0.0016473178753962996,0.01833333333333333
1239,2020-07-08,0.00517748565805408,0.01833333333333333
1239,2020-07-09,0.0025931657264426683,0.017916666666666664
1239,2020-07-10,0.0012333848604033112,0.014374999999999999
1239,2020-07-11,0.003293143854744268,0.014583333333333332
1239,2020-07-12,0.0019513964411948742,0.015
1239,2020-07-13,0.0015011097974932633,0.013541666666666667
1239,2020-07-14,0.005731129453914863,0.017551020408163264
1239,2020-07-15,0.0014310306090018086,0.01770833333333333
1239,2020-07-16,0.001791547542575595,0.01831578947368421
1239,2020-07-17,0.005130978287774854,0.018350515463917524
1239,2020-07-18,0.0020821004759368866,0.018125
1239,2020-07-19,0.0024946474644431116,0.015
1239,2020-07-20,0.0018083498659911485,0.015625
1239,2020-07-21,0.0016009013079486638,0.01833333333333333
1239,2020-07-22,0.0017598561560593364,0.017916666666666664
1239,2020-07-23,0.0026498975976157646,0.01855670103092783
1239,2020-07-24,0.0013895518904142024,0.016458333333333335
1239,2020-07-25,0.0017293350001355804,0.017499999999999998
1239,2020-07-26,0.003588086113465614,0.019058823529411767
1276,2020-01-01,inf,9.19375
1276,2020-01-02,inf,7.920833333333334
1276,2020-01-03,inf,6.839583333333334
1276,2020-01-04,inf,6.925
1276,2020-01-05,inf,7.197916666666667
1276,2020-01-06,inf,7.867708333333333
1276,2020-01-07,inf,7.824999999999999
1276,2020-01-08,inf,8.069791666666665
1276,2020-01-09,inf,7.203125
1276,2020-01-10,inf,8.245833333333334
1276,2020-01-11,inf,8.163541666666667
1276,2020-01-12,inf,7.488541666666666
1276,2020-01-13,inf,8.058333333333332
1276,2020-01-14,inf,8.007291666666669
1276,2020-01-15,inf,7.721875000000001
1276,2020-01-16,inf,8.19375
1276,2020-01-17,inf,7.789583333333333
1276,2020-01-18,inf,7.460416666666667
1276,2020-01-19,inf,7.419791666666668
1276,2020-01-20,inf,3.3406249999999997
1276,2020-01-21,inf,6.342708333333334
1276,2020-01-22,inf,7.866666666666668
1276,2020-01-23,inf,8.323958333333334
1276,2020-01-24,inf,8.003125
1276,2020-01-25,inf,7.782291666666667
1276,2020-01-26,inf,8.20625
1276,2020-01-27,inf,8.642708333333333
1276,2020-01-28,inf,6.848958333333333
1276,2020-01-29,inf,8.547916666666666
1276,2020-01-30,inf,8.738541666666666
1276,2020-01-31,inf,8.824999999999998
1276,2020-02-01,inf,8.997916666666667
1276,2020-02-02,inf,9.430208333333333
1276,2020-02-03,inf,10.342708333333334
1276,2020-02-04,inf,10.532291666666666
1276,2020-02-05,inf,9.738541666666665
1276,2020-02-06,inf,9.049999999999999
1276,2020-02-07,inf,9.721874999999999
1276,2020-02-08,inf,9.770833333333334
1276,2020-02-09,inf,6.4156249999999995
1276,2020-02-10,inf,10.372916666666667
1276,2020-02-11,inf,10.953125
1276,2020-02-12,inf,10.594791666666667
1276,2020-02-13,inf,10.487499999999999
1276,2020-02-14,inf,10.472916666666668
1276,2020-02-15,inf,9.554166666666667
1276,2020-02-16,inf,9.133333333333335
1276,2020-02-17,inf,9.985416666666667
1276,2020-02-18,inf,10.40625
1276,2020-02-19,inf,10.838541666666666
1276,2020-02-20,inf,10.991666666666669
1276,2020-02-21,inf,10.69375
1276,2020-02-22,inf,4.591666666666666
1276,2020-02-23,inf,11.561458333333333
1276,2020-02-24,inf,11.596875000000002
1276,2020-02-25,inf,12.469791666666666
1276,2020-02-26,inf,11.882291666666667
1276,2020-02-27,inf,11.560416666666667
1276,2020-02-28,inf,8.003124999999999
1276,2020-02-29,inf,7.757291666666666
1276,2020-03-01,inf,10.790625
1276,2020-03-02,inf,12.217708333333334
1276,2020-03-03,inf,12.612499999999999
1276,2020-03-04,inf,12.155208333333334
1276,2020-03-05,inf,11.758333333333333
1276,2020-03-06,1.9814334724717035,11.350000000000001
1276,2020-03-07,inf,10.597916666666666
1276,2020-03-08,inf,13.138541666666667
1276,2020-03-09,inf,11.707291666666665
1276,2020-03-10,inf,3.6281249999999994
1276,2020-03-11,inf,10.119791666666666
1276,2020-03-12,inf,8.438541666666666
1276,2020-03-13,inf,6.9177083333333345
1276,2020-03-14,inf,13.818749999999996
1276,2020-03-15,inf,11.344791666666666
1276,2020-03-16,inf,9.610416666666667
1276,2020-03-17,inf,10.655208333333333
1276,2020-03-18,inf,8.298958333333333
1276,2020-03-19,inf,9.644791666666666
1276,2020-03-20,inf,10.200000000000001
1276,2020-03-21,inf,11.95833333333333
1276,2020-03-22,inf,11.310416666666669
1276,2020-03-23,inf,10.168750000000001
1276,2020-03-24,inf,14.732291666666669
1276,2020-03-25,inf,15.23229166666667
1276,2020-03-26,inf,13.357291666666667
1276,2020-03-27,inf,14.696875
1276,2020-03-28,inf,13.590625000000003
1276,2020-03-29,inf,9.99375
1276,2020-03-30,inf,14.098958333333334
1276,2020-03-31,inf,13.684375000000001
1276,2020-04-01,13.875088794756932,14.063541666666664
1276,2020-04-02,inf,15.047916666666667
1276,2020-04-03,inf,13.979166666666666
1276,2020-04-04,inf,14.569791666666665
1276,2020-04-05,inf,14.5625
1276,2020-04-06,inf,6.6656249999999995
1276,2020-04-07,inf,10.627083333333333
1276,2020-04-08,inf,10.975
1276,2020-04-09,inf,12.423958333333331
1276,2020-04-10,inf,7.858333333333333
1276,2020-04-11,inf,14.639583333333333
1276,2020-04-12,inf,8.964583333333334
1276,2020-04-13,inf,8.040789473684208
1276,2020-04-14,,
1276,2020-04-15,inf,39.27878787878788
1276,2020-04-16,27.865308626769934,13.985416666666667
1276,2020-04-17,inf,13.788541666666667
1276,2020-04-18,inf,11.547916666666667
1276,2020-04-19,9.286511941651042,13.745833333333332
1276,2020-04-20,12.483085383591987,12.738541666666665
1276,2020-04-21,32.625159930410405,14.441666666666665
1276,2020-04-22,4.624226314868117,15.078125
1276,2020-04-23,4.428429232683397,15.348958333333334
1276,2020-04-24,7.170370120504556,15.170833333333334
1276,2020-04-25,5.149898381387062,14.792708333333332
1276,2020-04-26,4.3995178956370395,11.107291666666669
1276,2020-04-27,2.5849029452312764,14.576041666666661
1276,2020-04-28,2.2618640895605546,14.673958333333333
1276,2020-04-29,2.147714986328918,14.108333333333334
1276,2020-04-30,1.9723450956045765,12.852083333333333
1276,2020-05-01,2.2572638368710756,14.935416666666667
1276,2020-05-02,2.4817649317604937,15.057291666666666
1276,2020-05-03,3.173995325440961,15.285416666666668
1276,2020-05-04,4.96141448620046,15.608333333333334
1276,2020-05-05,2.962524453854638,15.555208333333333
1276,2020-05-06,2.896787281969061,14.519791666666665
1276,2020-05-07,2.0869447420381424,15.294791666666667
1276,2020-05-08,3.2931220812861457,15.403125000000003
1276,2020-05-09,1.4826561516600973,15.085416666666667
1276,2020-05-10,2.6411904281669116,14.007291666666669
1276,2020-05-11,2.839799786404691,16.151041666666664
1276,2020-05-12,262.4046772273163,17.45625
1276,2020-05-13,13.703152028693859,15.178124999999996
1276,2020-05-14,2.327109768507736,15.463541666666666
1276,2020-05-15,2.6816804011232493,15.390625
1276,2020-05-16,2.08076053647226,13.991666666666665
1276,2020-05-17,2.5630403832506605,13.96354166666667
1276,2020-05-18,2.2637173564314264,16.49479166666667
1276,2020-05-19,106.23761712852938,16.48125
1276,2020-05-20,inf,16.64375
1276,2020-05-21,8.667219918130321,16.055208333333333
1276,2020-05-22,4.439391601280354,15.335416666666667
1276,2020-05-23,79.58308576185892,16.342708333333334
1276,2020-05-24,11.711166433421322,16.071875
1276,2020-05-25,inf,16.325000000000003
1276,2020-05-26,2.00469657555981,15.353125
1276,2020-05-27,2.4539827149469575,15.012500000000001
1276,2020-05-28,1.7240223171121218,14.828124999999998
1276,2020-05-29,2.02786931530194,15.522916666666667
1276,2020-05-30,2.0726500675907795,13.179166666666667
1276,2020-05-31,2.4497620080523514,15.064583333333333
1276,2020-06-01,2.416955883107171,14.813541666666666
1276,2020-06-02,3.489949681790663,11.108333333333333
1276,2020-06-03,2.453635937836,13.866666666666665
1276,2020-06-04,2.2140889442207263,14.428421052631577
1276,2020-06-05,2.1263890331410624,13.393749999999999
1276,2020-06-06,10.217200908498105,16.915625
1276,2020-06-07,7.002069571831584,16.79375
1276,2020-06-08,333.41004604727055,17.373958333333334
1276,2020-06-09,4.623455375388624,16.395833333333336
1276,2020-06-10,1.617600877744541,15.981250000000001
1276,2020-06-11,2.3348935493886596,15.706249999999997
1276,2020-06-12,2.5117318894167577,15.780208333333334
1276,2020-06-13,2.566071687305773,14.987499999999997
1276,2020-06-14,2.642447064859599,15.907291666666666
1276,2020-06-15,1.9767558265865919,15.767708333333331
1276,2020-06-16,2.0470625120556334,16.397916666666667
1276,2020-06-17,2.339871867024392,16.020833333333332
1276,2020-06-18,2.5167114055379085,15.796875
1276,2020-06-19,2.5997241630958383,15.632291666666667
1276,2020-06-20,2.083703651176899,15.262500000000001
1276,2020-06-21,2.352322829110264,15.194791666666665
1276,2020-06-22,2.1841044647509444,14.893684210526317
1276,2020-06-23,2.313054015613756,15.010416666666666
1276,2020-06-24,2.227655696154059,14.410416666666668
1276,2020-06-25,2.0572501461963055,14.09684210526316
1276,2020-06-26,2.686036262189506,13.78947368421053
1276,2020-06-27,2.8287287718010248,15.338541666666666
1276,2020-06-28,2.5639210864834614,15.352083333333333
1276,2020-06-29,3.111964901780735,13.941052631578948
1276,2020-06-30,3.0891665530147776,15.622105263157893
1276,2020-07-01,2.5225296396604824,15.859375000000002
1276,2020-07-02,2.1831375861045554,15.731250000000001
1276,2020-07-03,2.9402181353155,15.432631578947372
1276,2020-07-04,2.6591946636136363,15.394791666666665
1276,2020-07-05,1.859599966928253,15.158333333333331
1276,2020-07-06,1.9817360924502354,15.268749999999999
1276,2020-07-07,2.5600814331511526,16.48854166666667
1276,2020-07-08,2.529470745264547,15.982105263157893
1276,2020-07-09,2.1846849277279077,15.701052631578944
1276,2020-07-10,2.6072256779433083,15.166666666666666
1276,2020-07-11,2.3503495544317334,13.266315789473683
1276,2020-07-12,2.381022057174114,14.655208333333334
1276,2020-07-13,1.969938729399362,15.427083333333334
1276,2020-07-14,2.5808190424807558,15.916666666666666
1276,2020-07-15,2.197482312018796,14.964583333333332
1276,2020-07-16,2.154748432772502,15.146875
1276,2020-07-17,1.9566959965999484,15.204166666666667
1276,2020-07-18,2.114812157556204,14.747916666666667
1276,2020-07-19,2.4941272906349092,12.835789473684216
1276,2020-07-20,2.1438404346644844,12.481250000000001
1276,2020-07-21,2.045596315007061,13.423958333333333
1276,2020-07-22,2.4208816726967903,14.970833333333331
1276,2020-07-23,2.33454202750306,15.202083333333333
1276,2020-07-24,2.837899148127993,14.839583333333335
1276,2020-07-25,2.0017557933702226,14.825000000000001
1276,2020-07-26,1.7962097999091684,12.522580645161288
1277,2020-01-01,inf,6.21875
1277,2020-01-02,inf,5.4468749999999995
1277,2020-01-03,inf,4.679166666666666
1277,2020-01-04,inf,4.732291666666666
1277,2020-01-05,inf,4.936458333333333
1277,2020-01-06,inf,5.397916666666667
1277,2020-01-07,inf,5.380208333333335
1277,2020-01-08,inf,5.580208333333331
1277,2020-01-09,inf,4.9437500000000005
1277,2020-01-10,inf,5.6812499999999995
1277,2020-01-11,inf,5.598958333333332
1277,2020-01-12,inf,5.135416666666667
1277,2020-01-13,inf,5.538541666666667
1277,2020-01-14,inf,5.506250000000001
1277,2020-01-15,inf,5.263541666666667
1277,2020-01-16,inf,5.614583333333335
1277,2020-01-17,inf,5.385416666666667
1277,2020-01-18,inf,5.105208333333333
1277,2020-01-19,inf,5.070833333333334
1277,2020-01-20,inf,2.196875
1277,2020-01-21,inf,4.335416666666666
1277,2020-01-22,inf,5.335416666666667
1277,2020-01-23,inf,5.688541666666668
1277,2020-01-24,inf,5.514583333333334
1277,2020-01-25,inf,5.320833333333334
1277,2020-01-26,inf,5.578125000000001
1277,2020-01-27,inf,6.016666666666668
1277,2020-01-28,inf,4.683333333333334
1277,2020-01-29,inf,6.029166666666666
1277,2020-01-30,inf,5.945833333333334
1277,2020-01-31,inf,6.057291666666667
1277,2020-02-01,inf,6.137499999999999
1277,2020-02-02,inf,6.467708333333333
1277,2020-02-03,inf,7.036458333333333
1277,2020-02-04,inf,7.252083333333334
1277,2020-02-05,inf,6.642708333333334
1277,2020-02-06,inf,6.159375000000001
1277,2020-02-07,inf,2.1
1277,2020-02-08,,
1277,2020-02-09,,
1277,2020-02-10,,
1277,2020-02-11,,
1277,2020-02-12,,
1277,2020-02-13,,
1277,2020-02-14,,
1277,2020-02-15,,
1277,2020-02-16,,
1277,2020-02-17,,
1277,2020-02-18,,
1277,2020-02-19,,
1277,2020-02-20,,
1277,2020-02-21,,
1277,2020-02-22,,
1277,2020-02-23,,
1277,2020-02-24,,
1277,2020-02-25,,
1277,2020-02-26,,
1277,2020-02-27,,
1277,2020-02-28,,
1277,2020-02-29,,
1277,2020-03-01,,
1277,2020-03-02,,
1277,2020-03-03,,
1277,2020-03-04,,
1277,2020-03-05,,
1277,2020-03-06,0.0,
1277,2020-03-07,,
1277,2020-03-08,,
1277,2020-03-09,,
1277,2020-03-10,,
1277,2020-03-11,,
1277,2020-03-12,,
1277,2020-03-13,,
1277,2020-03-14,,
1277,2020-03-15,,
1277,2020-03-16,,
1277,2020-03-17,,
1277,2020-03-18,,
1277,2020-03-19,inf,17.327586206896555
1277,2020-03-20,inf,6.952083333333333
1277,2020-03-21,inf,8.384375
1277,2020-03-22,inf,7.788541666666667
1277,2020-03-23,inf,7.326041666666665
1277,2020-03-24,inf,10.017708333333333
1277,2020-03-25,inf,10.422916666666666
1277,2020-03-26,inf,9.209375
1277,2020-03-27,inf,10.242708333333333
1277,2020-03-28,inf,9.317708333333334
1277,2020-03-29,inf,6.903125
1277,2020-03-30,inf,9.671874999999998
1277,2020-03-31,inf,9.413541666666667
1277,2020-04-01,16.274167210888212,9.63125
1277,2020-04-02,inf,10.688541666666666
1277,2020-04-03,inf,9.639583333333333
1277,2020-04-04,inf,10.029166666666667
1277,2020-04-05,inf,10.004166666666668
1277,2020-04-06,inf,4.538541666666666
1277,2020-04-07,inf,7.263541666666668
1277,2020-04-08,inf,7.595833333333334
1277,2020-04-09,inf,8.436458333333333
1277,2020-04-10,inf,5.317708333333333
1277,2020-04-11,inf,10.098958333333334
1277,2020-04-12,inf,6.263541666666668
1277,2020-04-13,inf,5.41578947368421
1277,2020-04-14,,
1277,2020-04-15,inf,27.28484848484849
1277,2020-04-16,32.57437014710547,9.6625
1277,2020-04-17,inf,9.489583333333334
1277,2020-04-18,inf,8.00625
1277,2020-04-19,11.021750670126497,9.529166666666667
1277,2020-04-20,14.214513335789066,8.796875
1277,2020-04-21,37.980796894746845,10.015625
1277,2020-04-22,5.436701130706166,10.441666666666666
1277,2020-04-23,5.19661113050507,10.647916666666667
1277,2020-04-24,8.420163074616374,10.376842105263158
1277,2020-04-25,6.014931720753371,10.201041666666667
1277,2020-04-26,5.133568078440802,7.621875
1277,2020-04-27,2.97567129940114,10.028421052631579
1277,2020-04-28,2.6664362597385147,10.173958333333333
1277,2020-04-29,2.5071084917052526,9.713541666666666
1277,2020-04-30,2.307173275645664,8.81875
1277,2020-05-01,2.634305798039473,10.263541666666667
1277,2020-05-02,2.8887888655229452,10.365625
1277,2020-05-03,3.7094110039082926,10.515625
1277,2020-05-04,5.821444704410578,10.787500000000001
1277,2020-05-05,3.453272352053521,10.71875
1277,2020-05-06,3.3917331931433794,10.0375
1277,2020-05-07,2.387794292944637,10.586458333333333
1277,2020-05-08,3.848156736822801,10.628124999999999
1277,2020-05-09,1.7268513569076174,10.383333333333333
1277,2020-05-10,3.0803560369466507,9.619791666666668
1277,2020-05-11,3.344171733645902,11.186458333333336
1277,2020-05-12,305.6922228756198,11.995833333333335
1277,2020-05-13,15.987472257041437,10.440625
1277,2020-05-14,2.7175196859546817,10.648958333333333
1277,2020-05-15,3.1431756790815113,10.629166666666668
1277,2020-05-16,2.430018467411706,9.580208333333333
1277,2020-05-17,2.964011144326653,9.522916666666669
1277,2020-05-18,2.6354883139741943,11.293750000000001
1277,2020-05-19,124.4356153828671,11.413541666666665
1277,2020-05-20,inf,11.655208333333334
1277,2020-05-21,10.14066005212862,11.116666666666665
1277,2020-05-22,5.159232209810088,10.578125
1277,2020-05-23,93.81901329126458,11.352083333333333
1277,2020-05-24,13.781642597579058,11.157291666666666
1277,2020-05-25,4.291759709198892,11.205263157894738
1277,2020-05-26,2.345536095088888,10.606250000000001
1277,2020-05-27,2.877526491156285,10.377083333333333
1277,2020-05-28,2.0309925385700938,10.246875000000001
1277,2020-05-29,2.3655357373334467,10.665624999999999
1277,2020-05-30,2.4068617073911382,8.985416666666667
1277,2020-05-31,2.846452335319281,10.390625
1277,2020-06-01,2.813324190202811,10.107291666666667
1277,2020-06-02,4.058386426907791,7.607291666666666
1277,2020-06-03,2.8901061589976935,9.662500000000001
1277,2020-06-04,2.5880086342857633,10.221874999999999
1277,2020-06-05,2.397356806768804,9.176041666666668
1277,2020-06-06,11.866227930895645,11.600000000000001
1277,2020-06-07,8.15485957654753,11.557291666666666
1277,2020-06-08,391.4285202120793,12.042708333333335
1277,2020-06-09,5.415002498469673,11.345833333333333
1277,2020-06-10,1.8921357956416593,11.072916666666666
1277,2020-06-11,2.7327737890869916,10.886458333333332
1277,2020-06-12,2.933119022316675,10.875
1277,2020-06-13,3.0054782953055215,10.341666666666667
1277,2020-06-14,3.0829413422889287,10.967708333333334
1277,2020-06-15,2.2935182703375796,10.870833333333332
1277,2020-06-16,2.369403378030093,11.08421052631579
1277,2020-06-17,2.7477691595609013,11.116666666666667
1277,2020-06-18,2.9672814801076726,10.957291666666668
1277,2020-06-19,3.0337946279454466,10.800000000000002
1277,2020-06-20,2.4453777975470614,10.571874999999999
1277,2020-06-21,2.7447006253061326,10.496875
1277,2020-06-22,2.546194657858727,10.377083333333333
1277,2020-06-23,inf,10.382291666666667
1277,2020-06-24,2.6045568283386196,9.947916666666666
1277,2020-06-25,2.510997620375559,9.807291666666666
1277,2020-06-26,3.137960118661106,9.578125
1277,2020-06-27,3.3216281014999582,10.6
1277,2020-06-28,2.996881816153633,10.529166666666667
1277,2020-06-29,3.675414940732193,9.812500000000002
1277,2020-06-30,3.6301281341077893,10.958333333333334
1277,2020-07-01,2.949266087529067,10.927083333333334
1277,2020-07-02,2.5422527481876287,10.848958333333334
1277,2020-07-03,3.4298624592912526,10.739583333333334
1277,2020-07-04,3.112174164386745,10.626041666666667
1277,2020-07-05,2.174619851681697,10.494791666666668
1277,2020-07-06,2.331588006153744,10.582291666666666
1277,2020-07-07,2.9649959554574687,11.297916666666666
1277,2020-07-08,2.9532852530066394,11.128124999999999
1277,2020-07-09,2.551324503566335,10.946875000000004
1277,2020-07-10,3.0490786563164147,10.457291666666665
1277,2020-07-11,2.748688437748187,9.115789473684211
1277,2020-07-12,2.8089273366112617,10.15625
1277,2020-07-13,2.284166514260035,10.559375000000001
1277,2020-07-14,2.9949270433469777,10.773684210526314
1277,2020-07-15,2.567445090281893,10.3375
1277,2020-07-16,2.510357228114682,10.442708333333334
1277,2020-07-17,2.2857791727236116,10.457291666666668
1277,2020-07-18,2.484594495210815,10.193750000000001
1277,2020-07-19,3.0631808062157035,9.221874999999999
1277,2020-07-20,2.5432235316492102,8.615625
1277,2020-07-21,2.372950205685325,9.273958333333333
1277,2020-07-22,2.824320373396961,10.273958333333335
1277,2020-07-23,2.7183783766363443,10.298947368421052
1277,2020-07-24,3.313954782149546,10.2125
1277,2020-07-25,2.334872566313161,10.235416666666666
1277,2020-07-26,2.1105697579913896,8.76304347826087
1278,2020-01-01,inf,15.171874999999998
1278,2020-01-02,inf,12.059374999999998
1278,2020-01-03,inf,10.961458333333335
1278,2020-01-04,inf,11.404166666666669
1278,2020-01-05,inf,11.358333333333334
1278,2020-01-06,inf,12.221874999999999
1278,2020-01-07,inf,12.265625000000002
1278,2020-01-08,inf,12.567708333333336
1278,2020-01-09,inf,11.615625000000001
1278,2020-01-10,inf,13.059374999999998
1278,2020-01-11,inf,13.033333333333331
1278,2020-01-12,inf,11.995833333333332
1278,2020-01-13,inf,12.834375
1278,2020-01-14,inf,12.837499999999999
1278,2020-01-15,inf,12.282291666666666
1278,2020-01-16,inf,13.158333333333333
1278,2020-01-17,inf,12.805208333333335
1278,2020-01-18,inf,12.573958333333335
1278,2020-01-19,inf,12.261458333333335
1278,2020-01-20,inf,6.446874999999999
1278,2020-01-21,inf,10.810416666666667
1278,2020-01-22,inf,12.865624999999996
1278,2020-01-23,inf,13.436458333333334
1278,2020-01-24,inf,13.225000000000003
1278,2020-01-25,inf,12.697916666666666
1278,2020-01-26,inf,14.102083333333333
1278,2020-01-27,inf,14.499999999999998
1278,2020-01-28,inf,11.397916666666667
1278,2020-01-29,inf,15.148958333333333
1278,2020-01-30,inf,14.659374999999999
1278,2020-01-31,inf,14.625
1278,2020-02-01,inf,14.869791666666666
1278,2020-02-02,inf,15.846875000000002
1278,2020-02-03,inf,17.010416666666668
1278,2020-02-04,inf,17.807291666666668
1278,2020-02-05,inf,17.000000000000004
1278,2020-02-06,inf,15.546875
1278,2020-02-07,inf,16.52291666666667
1278,2020-02-08,inf,16.642708333333335
1278,2020-02-09,inf,11.702083333333334
1278,2020-02-10,inf,15.916666666666666
1278,2020-02-11,inf,16.98541666666667
1278,2020-02-12,inf,16.6875
1278,2020-02-13,inf,16.384375000000002
1278,2020-02-14,inf,16.464583333333334
1278,2020-02-15,inf,15.19166666666667
1278,2020-02-16,inf,14.658333333333337
1278,2020-02-17,inf,15.99375
1278,2020-02-18,inf,17.278125
1278,2020-02-19,inf,17.307291666666668
1278,2020-02-20,inf,17.546875
1278,2020-02-21,inf,16.866666666666667
1278,2020-02-22,inf,8.908333333333333
1278,2020-02-23,inf,20.555208333333333
1278,2020-02-24,inf,20.838541666666668
1278,2020-02-25,inf,22.015625
1278,2020-02-26,inf,21.205208333333335
1278,2020-02-27,inf,20.71875
1278,2020-02-28,inf,15.317708333333334
1278,2020-02-29,inf,15.502083333333333
1278,2020-03-01,inf,19.154166666666665
1278,2020-03-02,inf,22.768749999999997
1278,2020-03-03,inf,22.789583333333336
1278,2020-03-04,inf,21.95416666666667
1278,2020-03-05,inf,21.57604166666667
1278,2020-03-06,1.4757381932694547,20.984375
1278,2020-03-07,inf,20.03958333333333
1278,2020-03-08,inf,23.345833333333335
1278,2020-03-09,inf,22.037499999999998
1278,2020-03-10,inf,7.3999999999999995
1278,2020-03-11,inf,18.622916666666665
1278,2020-03-12,inf,15.570833333333335
1278,2020-03-13,inf,13.819791666666669
1278,2020-03-14,inf,24.603125000000002
1278,2020-03-15,inf,21.1125
1278,2020-03-16,inf,18.6625
1278,2020-03-17,inf,19.29895833333333
1278,2020-03-18,inf,16.599999999999998
1278,2020-03-19,inf,18.025000000000002
1278,2020-03-20,inf,20.802083333333332
1278,2020-03-21,inf,21.610416666666666
1278,2020-03-22,inf,21.048958333333328
1278,2020-03-23,inf,20.20416666666667
1278,2020-03-24,inf,26.88333333333333
1278,2020-03-25,inf,28.672916666666666
1278,2020-03-26,inf,24.680208333333336
1278,2020-03-27,inf,27.39375
1278,2020-03-28,inf,25.49791666666667
1278,2020-03-29,inf,18.93333333333333
1278,2020-03-30,inf,25.866666666666664
1278,2020-03-31,inf,25.478124999999995
1278,2020-04-01,10.342995899231337,25.9375
1278,2020-04-02,inf,28.525000000000002
1278,2020-04-03,inf,26.29375
1278,2020-04-04,inf,27.303125000000005
1278,2020-04-05,inf,28.130208333333332
1278,2020-04-06,inf,14.050537634408602
1278,2020-04-07,inf,19.160416666666666
1278,2020-04-08,inf,20.591666666666665
1278,2020-04-09,inf,23.571875000000002
1278,2020-04-10,inf,15.581249999999999
1278,2020-04-11,inf,26.740624999999994
1278,2020-04-12,inf,16.597916666666666
1278,2020-04-13,inf,13.710526315789474
1278,2020-04-14,,
1278,2020-04-15,inf,72.56060606060605
1278,2020-04-16,20.72752884340879,26.239175257731958
1278,2020-04-17,inf,25.37291666666667
1278,2020-04-18,inf,21.584374999999998
1278,2020-04-19,7.695958927068561,26.826041666666672
1278,2020-04-20,9.0935141737074,23.93092783505155
1278,2020-04-21,23.926673897600384,26.461855670103095
1278,2020-04-22,3.4011060130809203,28.144791666666663
1278,2020-04-23,3.24185239018746,28.831249999999997
1278,2020-04-24,5.233537731278331,28.381250000000005
1278,2020-04-25,3.769972493778757,27.609375
1278,2020-04-26,3.450691774079083,22.083333333333332
1278,2020-04-27,1.8809874712337806,29.213483146067414
1278,2020-04-28,1.6676116208943255,27.537500000000005
1278,2020-04-29,1.5942911041140169,26.35729166666667
1278,2020-04-30,1.497721586190828,24.894791666666666
1278,2020-05-01,1.6789325033853804,28.110416666666666
1278,2020-05-02,1.818640760455795,28.31145833333333
1278,2020-05-03,2.372376707824139,28.887500000000003
1278,2020-05-04,3.4892758431680395,29.598958333333332
1278,2020-05-05,2.1655302085396366,29.298958333333335
1278,2020-05-06,2.1510347543499226,27.46041666666667
1278,2020-05-07,1.540799039824918,28.789583333333336
1278,2020-05-08,2.4309418160150287,29.099999999999998
1278,2020-05-09,1.0708896972150628,28.344791666666666
1278,2020-05-10,2.0735572437279797,27.15360824742268
1278,2020-05-11,2.139544495721701,30.76041666666666
1278,2020-05-12,196.65292860805334,33.08247422680412
1278,2020-05-13,10.32035150041787,28.994791666666668
1278,2020-05-14,1.7662245769505571,29.569791666666664
1278,2020-05-15,1.9857815228474271,29.207291666666666
1278,2020-05-16,1.5491739651769574,26.703157894736844
1278,2020-05-17,1.9055979571906851,26.422916666666666
1278,2020-05-18,1.7061169292791676,31.087500000000006
1278,2020-05-19,79.9002156939023,32.440625
1278,2020-05-20,inf,31.497916666666665
1278,2020-05-21,6.47469884200262,30.514432989690718
1278,2020-05-22,3.322654843672182,28.87319587628866
1278,2020-05-23,60.02457380105722,30.93505154639175
1278,2020-05-24,8.79168468536435,30.7381443298969
1278,2020-05-25,2.731751227331643,31.355208333333326
1278,2020-05-26,1.492783741338473,29.123958333333334
1278,2020-05-27,1.7546620994247806,28.19690721649485
1278,2020-05-28,1.331316755477958,28.00729166666667
1278,2020-05-29,1.5353758617138134,29.26701030927835
1278,2020-05-30,1.471120489185194,24.659375
1278,2020-05-31,1.8166182952003511,28.679166666666664
1278,2020-06-01,1.7960590825215663,28.22708333333333
1278,2020-06-02,2.7771204026476246,22.337500000000002
1278,2020-06-03,1.8352074827275888,26.96354166666667
1278,2020-06-04,1.6370996417156232,27.707291666666663
1278,2020-06-05,1.641243284264342,25.920833333333334
1278,2020-06-06,7.678683207560099,32.494791666666664
1278,2020-06-07,5.242234899985074,31.590625
1278,2020-06-08,253.66095483345572,34.516129032258064
1278,2020-06-09,3.4951565946739374,31.64583333333333
1278,2020-06-10,1.196134980133681,30.427368421052634
1278,2020-06-11,1.7047943244482133,29.74479166666667
1278,2020-06-12,1.8194346562284294,29.871875000000006
1278,2020-06-13,1.9482911968597456,30.880232558139532
1278,2020-06-14,1.9580944657997714,30.239583333333332
1278,2020-06-15,1.4400230845812323,29.921875
1278,2020-06-16,1.5216490430007878,31.198958333333334
1278,2020-06-17,inf,29.68
1278,2020-06-18,1.884010835400213,30.41052631578947
1278,2020-06-19,1.9266497503567834,29.731578947368426
1278,2020-06-20,1.535762672767523,28.639175257731953
1278,2020-06-21,1.705728731408847,28.747916666666665
1278,2020-06-22,1.6847947212735555,28.481443298969076
1278,2020-06-23,1.699981779987115,28.320833333333336
1278,2020-06-24,1.6207137546713077,27.00208333333333
1278,2020-06-25,1.5947855131302757,26.759374999999995
1278,2020-06-26,2.013105981092791,26.329896907216494
1278,2020-06-27,2.0962415037799698,28.74639175257732
1278,2020-06-28,1.8957912870493439,29.04639175257732
1278,2020-06-29,2.4914290444664577,28.26494845360824
1278,2020-06-30,2.3202947990526233,30.448958333333334
1278,2020-07-01,1.8814079062768638,30.253124999999997
1278,2020-07-02,1.6173557423597553,29.978125000000002
1278,2020-07-03,2.1789536609787197,29.62395833333333
1278,2020-07-04,1.9354306681091373,29.05729166666667
1278,2020-07-05,1.3415564191375702,28.35729166666667
1278,2020-07-06,1.4537708973263623,28.678125000000005
1278,2020-07-07,1.817567570644496,31.31249999999999
1278,2020-07-08,1.8768133156238338,30.687628865979384
1278,2020-07-09,1.591824699686448,29.81458333333333
1278,2020-07-10,1.8579977992400427,28.448958333333334
1278,2020-07-11,1.7774922847608754,26.10104166666667
1278,2020-07-12,1.7653093431155014,27.306185567010306
1278,2020-07-13,1.448177467737511,29.341666666666665
1278,2020-07-14,1.9138824480039827,29.402127659574465
1278,2020-07-15,1.6036369462885292,28.27083333333334
1278,2020-07-16,1.5675994957339767,28.111340206185563
1278,2020-07-17,1.4411684833680523,28.598958333333332
1278,2020-07-18,1.5464940162519643,27.583333333333332
1278,2020-07-19,1.9329261830864504,25.60625
1278,2020-07-20,1.61320427344209,24.136082474226804
1278,2020-07-21,1.4763819997961214,24.854166666666668
1278,2020-07-22,1.8044333547426583,28.12061855670103
1278,2020-07-23,1.7232540829795864,28.52083333333334
1278,2020-07-24,2.096428454325428,27.84020618556701
1278,2020-07-25,1.4433112210880388,27.36666666666667
1278,2020-07-26,1.3120141331825723,23.182978723404254
1283,2020-01-01,0.8982378336772587,38.23369420894338
1283,2020-01-02,0.9169061428163405,53.12607581497691
1283,2020-01-03,0.9343173176440968,56.174780597650525
1283,2020-01-04,0.9067995133164634,48.746074430381256
1283,2020-01-06,0.9469678186674034,80.027957517379
1283,2020-01-07,0.909079843414867,57.42097953378073
1283,2020-01-08,0.9086209959774791,52.30487294849218
1283,2020-01-09,0.9418249114512967,51.90573921574342
1283,2020-01-10,0.9573700669866981,48.505928046138365
1283,2020-01-11,0.9458012483443936,52.0453817112816
1283,2020-01-12,0.9437353458593616,56.838780395729174
1283,2020-01-13,0.9482702730698815,46.057682137913716
1283,2020-01-14,0.9299052894013343,60.26031519254965
1283,2020-01-15,0.944072838014114,60.76948847378889
1283,2020-01-16,0.9816314036408316,37.85224264371041
1283,2020-01-17,0.9413467497303682,61.36064789857569
1283,2020-01-18,0.9447742668391516,54.59585747092864
1283,2020-01-19,0.9301121107859429,59.671117732120656
1283,2020-01-20,0.927484697025698,55.32072878269063
1283,2020-01-21,0.9460901232117861,22.5282057461375
1283,2020-01-22,0.9659559477736466,34.55590502431337
1283,2020-01-23,0.9510491782513489,35.914327794646525
1283,2020-01-24,0.9216396254336674,57.77821593991146
1283,2020-01-25,0.9278045972100144,60.24893331486233
1283,2020-01-26,0.9333450333435971,43.094402300151735
1283,2020-01-27,0.9483142752341202,17.496682623091054
1283,2020-01-28,0.9271819977129838,66.31496639641684
1283,2020-01-29,0.9538261324597571,40.630136092419924
1283,2020-01-30,0.9258627145876003,37.204966964841326
1283,2020-01-31,0.9490625845170598,53.478713065784724
1283,2020-02-01,0.9630123943469474,49.978220843499656
1283,2020-02-02,0.9130436835614923,69.10026993577657
1283,2020-02-03,0.07320331871897728,1.2906842138661456
1283,2020-02-04,2.9685343828263103e-05,0.0002741821611111111
1283,2020-02-05,3.779969588769591e-05,0.0017282065784722223
1283,2020-02-06,0.07992301075355909,3.1275408016888897
1283,2020-02-07,0.0,5.4365845486111114e-06
1283,2020-02-08,0.0,0.0
1283,2020-02-09,1.0895139595552198e-06,3.266044357638889e-05
1283,2020-02-10,2.8256155893175114e-06,0.00017965758020833334
1283,2020-02-11,0.0,0.0
1283,2020-02-12,5.584189845981867e-07,1.629851736111111e-05
1283,2020-02-13,1.8244535823616604e-07,1.0873169097222223e-05
1283,2020-02-14,2.6608187846866954e-05,0.002366086673958333
1283,2020-02-15,0.01413212021528294,1.236584007242361
1283,2020-02-16,0.04587201251373543,3.5184271435803818
1283,2020-02-17,0.19869546192740645,15.190019284301043
1283,2020-02-18,0.41894760532368336,34.81564902205677
1283,2020-02-19,0.5381967938451042,14.073776604682466
1283,2020-02-20,0.26636706782166775,24.69419187897205
1283,2020-02-21,0.67174532996367,64.08608065120868
1283,2020-02-22,0.8135040827631058,59.2098111284809
1283,2020-02-23,0.8743792210960749,30.55557177452726
1283,2020-02-24,0.8950252147061077,72.81783223722397
1283,2020-02-25,0.9480760324545537,39.507721573032114
1283,2020-02-26,0.8693349851959156,72.88228174139618
1283,2020-02-27,0.8966061831595773,79.00022028080018
1283,2020-02-28,0.7010296138530734,2.686813731239488
1283,2020-02-29,0.867508612020064,65.69499980793181
1283,2020-03-01,0.9303756520907139,39.74533530364306
1283,2020-03-02,0.5417162743493833,45.93407729113699
1283,2020-03-03,0.8759865187998032,89.66965622417118
1283,2020-03-04,0.8744995335917645,79.48541131958332
1283,2020-03-05,0.8826501569243644,90.85112522286735
1283,2020-03-06,0.8736926855685658,76.95939957847031
1283,2020-03-07,0.8660086730286461,87.15404693669757
1283,2020-03-08,0.8598279910784328,65.36432469111338
1283,2020-03-09,0.8771605186802308,84.94326088804374
1283,2020-03-10,0.8860930216574397,83.84731003222151
1283,2020-03-11,0.8647792920844476,77.37947981870626
1283,2020-03-12,0.9403089560427323,53.98466442125521
1283,2020-03-13,0.9196390286212873,23.977669247099133
1283,2020-03-14,0.9032823933454615,70.22528318317205
1283,2020-03-15,0.8828952459612867,85.55055826719776
1283,2020-03-16,0.8926824784402484,85.28150784187795
1283,2020-03-17,0.8978399487641111,51.453210673537846
1283,2020-03-18,0.8821953044633556,76.08050947144426
1283,2020-03-19,0.00010773301915618554,0.20338624198836805
1283,2020-03-20,0.0,0.0
1283,2020-03-21,0.006649765700227873,0.6664046144831598
1283,2020-03-22,0.3011297849725769,33.7928337857691
1283,2020-03-23,0.8475250663972903,75.27918511493992
1283,2020-03-24,0.8631866785024783,98.99490003534581
1283,2020-03-25,0.8527227385169546,97.32457779946233
1283,2020-03-26,0.8734239977234208,102.32400291661996
1283,2020-03-27,0.8980706084831839,17.317725251776565
1283,2020-03-28,0.4986852810596608,60.93257666562829
1283,2020-03-29,0.853003468574449,78.75386648647431
1283,2020-03-30,0.8758863578229181,79.04971658136633
1283,2020-03-31,0.847959041679897,93.01652278415659
1283,2020-04-01,0.8531224465508599,84.62828917298819
1283,2020-04-02,0.8909510232316907,20.693183722888023
1283,2020-04-03,0.6327902338251793,40.30715451509618
1283,2020-04-04,0.8725328903764622,103.22709321520469
1283,2020-04-05,0.8582663583284275,85.68802117314809
1283,2020-04-06,0.830048625635543,108.19345217512033
1283,2020-04-07,0.8287149573844785,99.14373502104914
1283,2020-04-08,0.858981873156333,108.70938484854584
1283,2020-04-09,0.863246270540347,108.81474905588713
1283,2020-04-10,0.8561316273459604,84.03415635879375
1283,2020-04-11,0.8423761800379622,102.76336947417882
1283,2020-04-12,0.5255824330950967,23.56452202748177
1283,2020-04-13,0.002852585967557008,0.11411742536961805
1283,2020-04-14,0.20509820525951877,26.191159139003993
1283,2020-04-15,0.8370216629601558,66.6430049397434
1283,2020-04-16,0.007073796448621712,0.3098310481940973
1283,2020-04-17,0.0032699677781998196,0.4433409575875
1283,2020-04-18,0.07990794284866312,5.724947191247049
1283,2020-04-19,0.8053928189492836,96.79688985567745
1283,2020-04-20,0.8666945010162266,104.08733204176718
1283,2020-04-21,0.83875814565093,97.20863005342707
1283,2020-04-22,0.8679207522509436,80.72433821523352
1283,2020-04-23,0.8877912566588203,77.38901567572239
1283,2020-04-24,0.8805704543427388,91.07717829544254
1283,2020-04-25,0.8634254385791066,105.69876053748368
1283,2020-04-26,0.8680350925968011,77.2381808008474
1283,2020-04-27,0.8265923588701553,113.10536027616128
1283,2020-04-28,0.8478519092681093,121.95194101602829
1283,2020-04-29,0.8208411967990532,115.78130197146095
1283,2020-04-30,0.8519183695772757,53.93862311747814
1283,2020-05-01,0.8173204944675175,94.71962166823941
1283,2020-05-02,0.8738238552717562,41.90899267179618
1283,2020-05-03,0.8317325771717825,108.04230456389358
1283,2020-05-04,0.8558739762656948,121.00339234983177
1283,2020-05-05,0.845046675273126,117.32041662461995
1283,2020-05-06,0.8411125531498448,107.17283524705417
1283,2020-05-07,0.8321704060529345,118.22467249647588
1283,2020-05-08,0.842081007748427,101.03382045516337
1283,2020-05-09,0.8586490497681194,97.17312645935588
1283,2020-05-10,0.8496345358688651,117.70970635824617
1283,2020-05-11,0.9159560221931852,46.59707610680798
1283,2020-05-12,0.862040010127388,85.6081103249184
1283,2020-05-13,0.8412743249288066,86.76995495714549
1283,2020-05-14,0.8567787826464398,93.66642727487726
1283,2020-05-15,0.9004829256266988,54.300824094700864
1283,2020-05-16,0.8378721901424062,103.57202796090385
1283,2020-05-17,0.8325246614131067,112.54077960439324
1283,2020-05-18,0.8135190630164505,114.95184539531614
1283,2020-05-19,0.8162232157170818,103.6612314489026
1283,2020-05-20,0.8328615077265317,122.71583400271109
1283,2020-05-21,0.8209084741833441,97.5420672871165
1283,2020-05-22,0.8241786678833329,114.71894123429462
1283,2020-05-23,0.8489001082825388,91.12102351774895
1283,2020-05-24,0.9177882471219243,30.486856423990105
1283,2020-05-25,0.8697787679162451,101.21614947913004
1283,2020-05-26,0.8103160054753652,116.35095753039721
1283,2020-05-27,0.815544239549129,99.53100483486841
1283,2020-05-28,0.8460799921193409,98.63281773691267
1283,2020-05-29,0.8042391843619238,102.83088010557621
1283,2020-05-30,0.8158476927118942,85.85207261655971
1283,2020-05-31,0.8297525251791086,78.11101212241337
1283,2020-06-01,0.8072657869486572,93.22664878413907
1283,2020-06-02,0.8185623243932181,102.15813213166251
1283,2020-06-03,0.7899753416954144,97.83201670949602
1283,2020-06-04,0.8318580130030768,76.35599007764652
1283,2020-06-05,0.7984845419397133,88.85229540645363
1283,2020-06-06,0.8552524259479861,44.342875383516315
1283,2020-06-07,0.8122643097836281,117.93397919434932
1283,2020-06-08,0.8170928758141797,112.74971311541127
1283,2020-06-09,0.8664029899252923,93.54480838020243
1283,2020-06-10,0.8162059862723541,114.88239143433331
1283,2020-06-11,0.804573896341107,110.92281100847813
1283,2020-06-12,0.7941737907878097,108.8160919014566
1283,2020-06-13,0.8185204139942686,80.56432984662658
1283,2020-06-14,0.8086914511018811,117.14442445728629
1283,2020-06-15,0.795609203002204,112.55934305441266
1283,2020-06-16,0.8177173266453266,103.11834454440678
1283,2020-06-17,0.7988220406817786,108.16626654883629
1283,2020-06-18,0.8524421190847717,91.79464305787639
1283,2020-06-19,0.9019848574065314,51.88819093789966
1283,2020-06-20,0.8037317589612937,116.8056635045946
1283,2020-06-21,0.8623980899889732,40.64972479829758
1283,2020-06-22,0.8056324356366238,117.3874943608828
1283,2020-06-23,0.8009305826051742,111.165164729542
1283,2020-06-24,0.7901610931404939,105.5669578853368
1283,2020-06-25,0.8260729657808263,69.45460304122517
1283,2020-06-26,0.7209802776645791,10.482075723589539
1283,2020-06-27,0.8146081135674571,137.96409055392473
1283,2020-06-28,0.8191672571569796,79.93627794340695
1283,2020-06-29,0.8352643806525281,91.69399625277742
1283,2020-06-30,0.8234296916420066,103.98659665902778
1283,2020-07-01,0.8185016458050863,119.0439384383894
1283,2020-07-02,0.8024820603771867,95.47222826840746
1283,2020-07-03,0.6566822361434382,12.889746802794852
1283,2020-07-06,0.8033621456833429,127.02120263147607
1283,2020-07-07,0.8213051142838821,77.68100854234565
1283,2020-07-08,0.7865350484254651,103.44913364783405
1283,2020-07-09,0.7915591654773675,106.51930077939964
1283,2020-07-10,0.7745836639382949,114.3878768562486
1283,2020-07-11,0.7841397892972327,113.00961055420626
1283,2020-07-12,0.7964981253921124,82.93622649422257
1283,2020-07-13,0.8036087919958633,70.6571648280264
1283,2020-07-14,0.8511713289471101,80.48444739174131
1283,2020-07-15,0.8605599110063445,71.41509956407066
1283,2020-07-16,0.8311532204409181,64.16531627504081
1283,2020-07-17,0.8057822797338112,91.06722255751404
1283,2020-07-18,0.8138384221388534,74.57238824362413
1283,2020-07-19,0.8449221268188659,69.97061353069479
1283,2020-07-20,0.7871066140278395,111.13329065631095
1283,2020-07-21,0.8237308494295598,89.28986189787761
1283,2020-07-22,0.8055470827004151,88.00182384523228
1283,2020-07-23,0.8733997374930282,23.409138379643895
1283,2020-07-24,0.8493302838706318,96.65644833080425
1283,2020-07-25,0.8188210200294376,44.07880255201597
1283,2020-07-26,0.859433335466058,66.35202254809198
1283,2020-07-27,0.8013725666347034,94.52385184405904
1283,2020-07-28,0.8429897501999373,80.68933664345016
1283,2020-07-29,0.8325268925854638,68.16305874808545
1283,2020-07-30,0.817637126977658,110.72306492710489
1283,2020-07-31,0.815593417144743,98.43136729214687
1283,2020-08-01,0.8095141823422538,70.72399761194382
1283,2020-08-02,0.822810064219776,101.20433940777497
1283,2020-08-03,0.6896134515727153,8.957061922705314
1283,2020-08-04,0.8230369066787943,116.00338994155291
1283,2020-08-05,0.8254286881669219,71.40373259514999
1283,2020-08-06,0.8449828851949144,62.563952383300204
1283,2020-08-07,0.7856024913688874,106.32554047653183
1283,2020-08-08,0.7941725839945497,94.30723748060124
1283,2020-08-09,0.7954692482939715,90.15077118301699
1283,2020-08-10,0.8191791142190216,116.25369653435168
1283,2020-08-11,0.8239696201858413,50.062199191279426
1283,2020-08-12,0.8336052387190765,63.56102453974953
1283,2020-08-13,0.8035053147260831,124.53560111488177
1283,2020-08-14,0.8105716784537453,99.09725028200502
1283,2020-08-15,0.8133421093663967,91.67741852100033
1283,2020-08-16,0.7962305212335448,96.00106992375261
1283,2020-08-17,0.7913098598030893,57.737785287725366
1283,2020-08-18,0.7958305377718523,73.14947505142425
1283,2020-08-19,0.8016813348064817,80.0637119321942
1283,2020-08-20,0.8196219404523246,67.60232567936457
1283,2020-08-21,0.8065979564468342,78.15271276255245
1283,2020-08-22,0.8075420820667855,94.76276358236096
1283,2020-08-23,0.8233305198872776,71.96383517501694
1283,2020-08-24,0.8082061417151862,70.40053232854316
1283,2020-08-25,0.8045730775075313,68.07697228363386
1283,2020-08-26,0.8279948340629615,68.39338649487145
1283,2020-08-27,0.7910119861451096,75.89569243573432
1283,2020-08-28,0.8576853618200393,42.25905376820778
1283,2020-08-29,0.8789090520557701,56.03089662699544
1283,2020-08-30,0.8381246416586566,82.55862741042066
1283,2020-08-31,0.8696707575525399,69.94456221248275
1283,2020-09-01,0.8450431035293416,61.72789647296363
1283,2020-09-02,0.8027960102846572,100.87700022732082
1283,2020-09-03,0.8232736271754525,99.57780318608525
1283,2020-09-04,0.8012033925268929,97.34146831222341
1283,2020-09-05,0.7910910526680373,95.7211890486842
1283,2020-09-06,0.8139107405898337,81.57507908769375
1283,2020-09-07,0.8451278085705692,81.33443184498681
1283,2020-09-08,0.5726910281148336,10.62825456250677
1283,2020-09-09,3.5104639856241445e-05,0.0005861227725694444
1283,2020-09-10,0.3352628755513749,14.324358561922052
1283,2020-09-11,0.8657159107465782,87.99318027360417
1283,2020-09-12,0.8188257517670618,98.32754714491286
1283,2020-09-13,0.8057494062727367,96.48328427125695
1283,2020-09-14,0.8055003142979241,91.06705718870087
1283,2020-09-15,0.8213706895477383,84.91059535715505
1283,2020-09-16,0.85712914655366,76.26288721390797
1283,2020-09-17,0.8373155327842985,79.04628006512135
1283,2020-09-18,0.8491695486323357,71.84484375328785
1283,2020-09-19,0.8577852622342587,60.341692825407456
1283,2020-09-20,0.8614354104465961,49.833815207299466
1283,2020-09-21,0.8254721827693972,79.15654530866753
1283,2020-09-22,0.838355970276765,63.65162787467031
1283,2020-09-23,0.8265497908160072,75.50907811411076
1283,2020-09-24,0.8223908337740885,81.09822399458264
1283,2020-09-25,0.8320298883357472,74.94493355050712
1283,2020-09-26,0.8460815444149322,59.84484417569202
1283,2020-09-27,0.8975465488309851,40.19482886583038
1283,2020-09-28,0.8631133472050387,91.59396122762065
1283,2020-09-29,0.8266520360623031,87.90437337790331
1283,2020-09-30,0.8439316011390536,83.78798046984568
1283,2020-10-01,0.8582866488978266,83.649641548954
1283,2020-10-02,0.8676575214080982,62.324356560164574
1283,2020-10-03,0.8542540014120324,76.93716091898402
1283,2020-10-04,0.8326361116501997,83.2822324323974
1283,2020-10-05,0.8570275159892129,83.49655673955384
1283,2020-10-06,0.819672152065448,80.09630096085522
1283,2020-10-07,0.8249251015843985,76.93226485230677
1283,2020-10-08,0.7981763062644546,72.96374986287395
1283,2020-10-09,0.5924276165350127,49.77339810031909
1283,2020-10-10,0.8087966794107517,70.99710328472206
1283,2020-10-11,0.5891779486789541,52.3569379083276
1283,2020-10-12,0.433370184659617,41.94835094817535
1283,2020-10-13,0.42681716730329694,38.82001440091233
1283,2020-10-14,0.8321477700650766,69.34871865385087
1283,2020-10-15,0.8774137057557283,74.86378949738784
1283,2020-10-16,0.8709932457688396,73.06739337241876
1283,2020-10-17,0.8742942646692868,43.7126537953
1283,2020-10-18,0.9010400494362986,33.25310676974166
1283,2020-10-19,0.8804201703130391,47.39089153848212
1283,2020-10-20,0.9043596076546313,35.64192449913871
1283,2020-10-21,0.8646250616740868,63.25315264100208
1283,2020-10-22,0.8871386380226437,8.324127867458158
1283,2020-10-23,0.9628258326003069,27.293001054218923
1283,2020-10-24,0.8933533600316534,61.16507239007187
1283,2020-10-25,0.2690117676160634,6.896513285178125
1283,2020-10-26,1.2691110968259766e-05,0.000297789745486111
1283,2020-10-27,0.0006719003188616388,0.05784228225434027
1283,2020-10-28,0.32412038988555475,26.87807517176146
1283,2020-10-29,0.8598958120039897,71.64842320999652
1283,2020-10-30,0.8578925117158388,71.24214141604601
1283,2020-10-31,0.894011994970493,71.21693653913992
1283,2020-11-01,0.8664500972828948,70.27905220867031
1283,2020-11-02,0.8497774671226589,68.71125712154011
1283,2020-11-03,0.8560895444167688,55.983520072102955
1283,2020-11-04,0.8608904691278013,65.57386229320971
1283,2020-11-05,0.5840698642391486,45.179755509534374
1283,2020-11-06,0.7242261964436416,36.47845647825238
1283,2020-11-07,0.899210047539224,34.8816219601809
1283,2020-11-08,0.9053212724983764,69.1544212493415
1283,2020-11-09,0.7425879999948134,5.437339534724479
1283,2020-11-10,0.06741625124138588,5.036198243805555
1283,2020-11-11,0.4240287352592309,31.940751377178124
1283,2020-11-12,0.4600082008014115,33.25530691966163
1283,2020-11-13,0.5097772774057042,37.607381502316784
1283,2020-11-14,0.5361652416132636,27.65089260496545
1283,2020-11-15,0.4517604340577705,33.115993276251565
1283,2020-11-16,0.4420076808428211,29.153103510773267
1283,2020-11-17,0.4328984368291144,31.07233202801302
1283,2020-11-18,0.4501714600363243,16.278412822331944
1283,2020-11-19,0.4416090627482737,30.281652747720663
1283,2020-11-20,0.4561882873769289,27.278474552667355
1283,2020-11-21,0.468079994754084,24.37546260060625
1283,2020-11-22,0.46184142193264033,31.092113858730904
1283,2020-11-23,0.4479817502970141,26.605328816878817
1283,2020-11-24,0.0,0.0
1283,2020-11-25,7.0402446893757275e-06,0.00048397136874999997
1283,2020-11-26,0.0027401000197775664,0.18346748426475692
1283,2020-11-27,0.020336805283696975,1.356771393392882
1283,2020-11-28,0.04987427042281703,3.3488604071906254
1283,2020-11-29,0.16169164680396647,10.036353234303819
1283,2020-11-30,0.3486251427667372,23.24588628940504
1283,2020-12-01,0.4757272785429133,10.000751641376043
1283,2020-12-02,0.4809225352672119,23.296070851472916
1283,2020-12-03,0.45169191586515167,29.339715961112844
1283,2020-12-04,0.43949216845916617,28.146937857049828
1283,2020-12-05,0.4476051800244418,28.455225335678126
1283,2020-12-06,0.44104293604285705,28.260998931383508
1283,2020-12-07,0.44145794755293766,28.24763386363038
1283,2020-12-08,0.43763631047313956,27.434495259914232
1283,2020-12-09,0.4366391296496845,27.942197152076044
1283,2020-12-10,0.4766719977841597,11.439026867635938
1283,2020-12-11,0.0001700973007859738,0.0026626390868055554
1283,2020-12-12,0.011605632718349709,0.25902140649930555
1283,2020-12-13,0.02630512274097611,1.6066519149559029
1283,2020-12-14,0.05655092406105182,1.8959138663494792
1283,2020-12-15,0.0030675955844704484,0.12533839417135417
1283,2020-12-16,0.49406005597975194,28.46183053567584
1283,2020-12-17,0.4736302568036659,19.40167511332309
1283,2020-12-18,0.10607554540320754,1.5975083841447915
1283,2020-12-19,0.36627181361120903,14.897044053038714
1283,2020-12-20,0.3875341383152905,7.36831060675677
1283,2020-12-21,0.42102399630117715,12.626956119959722
1283,2020-12-22,0.42606284957425977,25.293926950217013
1283,2020-12-23,0.4726003432348212,21.41371633271597
1283,2020-12-24,0.44603486981313534,26.958912070342183
1283,2020-12-25,0.43711722617650217,27.187895707585763
1283,2020-12-26,0.4450242292593118,26.531427407928124
1283,2020-12-27,0.46696040492192964,26.94860941827951
1283,2020-12-28,0.2201087152375303,2.048074264353819
1283,2020-12-29,0.007890675521849166,0.3205800977998264
1283,2020-12-30,0.2298247304131399,14.488958032711803
1283,2020-12-31,0.4361585790847154,24.856129937088543
1418,2020-01-01,0.8426590962857337,10.489473644736842
1418,2020-01-02,0.8169906964853726,11.765116269767441
1418,2020-01-03,0.8590625561709777,10.649609944186047
1418,2020-01-04,0.8174734796966893,11.131782972093024
1418,2020-01-05,0.8596108764016321,10.57121213181818
1418,2020-01-06,0.7857578324037938,11.368181852272727
1418,2020-01-07,0.8074385503942335,11.450757643181818
1418,2020-01-08,0.8010664269027622,11.774418749767442
1418,2020-01-09,0.8507283051498346,11.714728693023256
1418,2020-01-10,0.8161373307840891,11.96666659090909
1418,2020-01-11,0.8057365326708749,11.851515211363637
1418,2020-01-12,0.8180463872818321,11.085606111363637
1418,2020-01-13,0.8060099393212253,11.706060568181819
1418,2020-01-14,0.2850341898410184,4.131063094090909
1418,2020-01-15,0.8138676443356805,12.01705421255814
1418,2020-01-16,0.8090161919422575,12.244185993023256
1418,2020-01-17,0.8423182493520932,11.467424295454546
1418,2020-01-18,0.8283119833421384,10.924242522727273
1418,2020-01-19,0.8377890718664314,11.562121245454545
1418,2020-01-20,0.9679110196033315,5.472868320930232
1418,2020-01-21,0.8897029945658034,9.93953488372093
1418,2020-01-22,0.28599302238765867,3.7977777859999997
1418,2020-01-23,0.79217774216069,11.978518572
1418,2020-01-24,0.8441076970565909,11.705925920000002
1418,2020-01-25,0.8209284790751437,12.033333352272729
1418,2020-01-26,0.2847547773175886,3.674074811333333
1418,2020-01-27,0.8434067083066669,13.685925844444444
1418,2020-01-28,0.8281472087670435,10.81333338888889
1418,2020-01-29,0.8953273915443618,13.862962846666667
1418,2020-01-30,0.8408494706546161,12.805200046666666
1418,2020-01-31,0.8220202745754428,13.15187656
1418,2020-02-01,0.8052403499027029,13.266666671111109
1418,2020-02-02,0.824679601756689,13.706666737777777
1418,2020-02-03,0.9041025545506567,15.635555273333335
1418,2020-02-04,0.9061498406870914,15.74518524888889
1418,2020-02-05,0.8849916817629919,13.80507254347826
1418,2020-02-06,0.8660143390309653,13.205792413913045
1418,2020-02-07,0.8414981122109562,14.375340391304348
1418,2020-02-08,0.8347740581240618,13.94680850212766
1418,2020-02-09,0.9257211896506796,13.258153974468085
1418,2020-02-10,0.9049764052210506,15.043262817021278
1418,2020-02-11,0.8890121833461919,15.737588451914892
1418,2020-02-12,0.8563268235360525,14.863120493617021
1418,2020-02-13,0.854153318768127,15.014891314893617
1418,2020-02-14,0.8538643914764518,15.075177310638297
1418,2020-02-15,0.8549017000240483,13.895744729787232
1418,2020-02-16,0.8535232705467595,13.629077978723405
1418,2020-02-17,0.867865531240869,15.064539002127662
1418,2020-02-18,0.8662908151200063,14.587233976595744
1418,2020-02-19,0.868328337764691,15.689359697872339
1418,2020-02-20,0.8633453735817641,15.579861145833334
1418,2020-02-21,0.30284375720075135,5.306944534166667
1418,2020-02-22,0.9186526109797332,7.053472158333334
1418,2020-02-23,0.8802566411959605,16.051388997916664
1418,2020-02-24,0.8840648253939694,16.071428383673467
1418,2020-02-25,0.9076280088411159,16.733333670204082
1418,2020-02-26,0.8838166574944284,16.349659885714285
1418,2020-02-27,0.8759030580693233,15.912244647755102
1418,2020-02-28,0.9155331424178933,11.538888897916669
1418,2020-02-29,0.8678136672684917,11.284353747755102
1418,2020-03-01,0.3210541781499116,5.9850337
1418,2020-03-02,0.9517141751144979,16.61088455795918
1418,2020-03-03,0.8952389682620217,17.463945991836738
1418,2020-03-04,0.862364652108363,16.774149897959184
1418,2020-03-05,0.8763932595113344,16.31266662
1418,2020-03-06,0.8780573345646479,15.709237965306123
1418,2020-03-07,0.9171955094957265,13.600126035294117
1418,2020-03-08,0.9299709983012239,17.770780190196078
1418,2020-03-09,0.8993129311182432,15.06902384509804
1418,2020-03-10,0.9950871898986084,4.677551083673469
1418,2020-03-11,0.8745669378286923,13.928571622448978
1418,2020-03-12,0.9181335765753752,12.232026215686275
1418,2020-03-13,0.9928926755317427,10.207638606249999
1418,2020-03-14,0.9277577722705329,18.871242119607846
1418,2020-03-15,0.9057424864286681,18.141828875294117
1418,2020-03-16,0.9019217104227287,12.830015300784314
1418,2020-03-17,0.9246969754262107,17.801960550980393
1418,2020-03-18,0.9439470229759308,11.11282055
1418,2020-03-19,0.9454246299014476,12.76282061923077
1418,2020-03-20,0.9169912945470245,14.73660142745098
1418,2020-03-21,0.9144259033686024,15.97115421153846
1418,2020-03-22,0.915759237148503,15.621794938461537
1418,2020-03-23,0.9252729388949666,14.48076894230769
1418,2020-03-24,0.9066440594851979,19.27179521730769
1418,2020-03-25,0.8948997819049207,19.29679504423077
1418,2020-03-26,0.8879620656639562,18.46603780943396
1418,2020-03-27,0.9356020840725332,18.43521963584906
1418,2020-03-28,0.3153625567931198,6.098765562962963
1418,2020-03-29,0.9309464182293539,13.243396390566039
1418,2020-03-30,0.8774432870153407,18.27222229259259
1418,2020-03-31,0.8505866765656395,17.43147718222222
1418,2020-04-01,0.8648607391798545,18.022222507407406
1418,2020-04-02,0.9025155139484431,19.220987116666667
1418,2020-04-03,0.8728771184783068,18.199382651851852
1418,2020-04-04,0.8805087546625411,18.856168301851856
1418,2020-04-05,0.8985010274835331,18.83333391111111
1418,2020-04-06,0.9308652903949128,9.460493807407406
1418,2020-04-07,0.9325897761816812,14.84320990740741
1418,2020-04-08,0.919533144398914,13.367878992727272
1418,2020-04-09,0.9386809533136884,14.684241781818182
1418,2020-04-10,0.9704187641453852,9.819769655555556
1418,2020-04-11,0.8840654824919698,17.616070994642858
1418,2020-04-12,0.8744348879612318,10.291071316785716
1418,2020-04-13,0.8767492882610117,18.589696641818183
1418,2020-04-14,0.8888599998215058,19.813094940000003
1418,2020-04-15,0.8597681360243598,18.97500020714286
1418,2020-04-16,0.8462943847688963,16.79642803392857
1418,2020-04-17,0.3151637831980582,6.216071707857144
1418,2020-04-18,0.898263464020669,12.477193110526315
1418,2020-04-19,0.8776426007237497,17.652046828070176
1418,2020-04-20,0.868955638447609,15.584210570175438
1418,2020-04-21,0.3133379981458802,6.390476253035715
1418,2020-04-22,0.8506905567127849,18.29473692631579
1418,2020-04-23,0.8715132179760819,18.67485399649123
1418,2020-04-24,0.8536011961261676,18.864912524561404
1418,2020-04-25,0.8293748975316134,17.826316054385963
1418,2020-04-26,0.8624774224891112,13.926914340350878
1418,2020-04-27,0.3031101005009723,6.549707498947368
1418,2020-04-28,0.28139731452663097,6.1713450240350864
1418,2020-04-29,0.274623985360903,5.656497249322034
1418,2020-04-30,0.8367748512253634,14.529885225862069
1418,2020-05-01,0.8419583097186681,17.42259902711864
1418,2020-05-02,0.8290291479694422,18.293784989830506
1418,2020-05-03,0.8419671739543024,18.079661766101694
1418,2020-05-04,0.8558387709798053,18.879660944067794
1418,2020-05-05,0.2946909614329199,6.603954706779661
1418,2020-05-06,0.7956354909924565,17.404530889830507
1418,2020-05-07,0.8408313847296459,18.061016674576273
1418,2020-05-08,0.8248997905415882,18.43389818474576
1418,2020-05-09,0.8141964799804013,17.728248377966107
1418,2020-05-10,0.8184821114557346,16.11977360508475
1418,2020-05-11,0.8653897560485361,18.916949159322037
1418,2020-05-12,0.8746650484677128,16.673889331666665
1418,2020-05-13,0.8498643858649537,18.05254251355932
1418,2020-05-14,0.8405744791957548,18.071750888135593
1418,2020-05-15,0.8343395893602186,18.241807966101696
1418,2020-05-16,0.8396132014932537,16.47888869
1418,2020-05-17,0.8731664461109947,16.769945752459016
1418,2020-05-18,0.8806463008292403,19.376666788333335
1418,2020-05-19,0.8882883751836799,19.54863039180328
1418,2020-05-20,0.31407769709287303,6.473770547049181
1418,2020-05-21,0.8197985300796607,17.979780665081968
1418,2020-05-22,0.8708726473991458,18.0142079147541
1418,2020-05-23,0.8800399992075084,19.54098355737705
1418,2020-05-24,0.8554462715275749,18.89836107377049
1418,2020-05-25,0.842826706675861,18.50983954590164
1418,2020-05-26,0.8075719919230727,17.61748504590164
1418,2020-05-27,0.7971201692473334,17.10437144754098
1418,2020-05-28,0.7976097417708502,16.636065278688523
1418,2020-05-29,0.5548638069627936,1.8285713385714286
1419,2020-01-01,0.939580365540294,6.4922083515625
1419,2020-01-02,0.8886758403937309,5.6121910489583335
1419,2020-01-03,0.9107324818880294,4.886982697916667
1419,2020-01-04,0.9084605337288595,5.20308845
1419,2020-01-05,0.9083316778570898,4.929173713541666
1419,2020-01-06,0.8920557606965069,5.809857672916666
1419,2020-01-07,0.8955503999677376,5.514173634375001
1419,2020-01-08,0.8950433125466751,5.802954988541667
1419,2020-01-09,0.9135315136777622,5.100124265624999
1419,2020-01-10,0.912660171595965,5.973732392708333
1419,2020-01-11,0.902292789713914,5.895343873958333
1419,2020-01-12,0.9256371776230081,5.5199442635416665
1419,2020-01-13,0.8956305603129117,5.864854133333334
1419,2020-01-14,0.8952656126127433,5.799559126041667
1419,2020-01-15,0.9016519871883044,5.096525498958333
1419,2020-01-16,0.8918030772556788,5.840413413541666
1419,2020-01-17,0.9016631437033897,5.500440869062499
1419,2020-01-18,0.8999413931653343,5.359058190624999
1419,2020-01-19,0.9030179921275087,5.2817881062500005
1419,2020-01-20,0.9802900971318156,2.325201397916667
1419,2020-01-21,0.9207116495063985,4.796624861770833
1419,2020-01-22,0.9107557804290342,5.544951383333334
1419,2020-01-23,0.880420194707731,6.036888621145834
1419,2020-01-24,0.8702482335377464,5.6850381125
1419,2020-01-25,0.867077333649528,5.703150439784947
1419,2020-01-26,0.8837121794814905,5.897134647916666
1419,2020-01-27,0.4726513877123438,3.2149334044791664
1419,2020-01-28,0.4669461146730464,2.63442715625
1419,2020-01-29,0.5031002246880387,2.7976978920833333
1419,2020-01-30,0.5751074344880598,4.04085774375
1419,2020-01-31,0.8875971041546731,6.435076514583334
1419,2020-02-01,0.870769091913621,6.530961712499999
1419,2020-02-02,0.8917216212227368,6.6239374062500005
1419,2020-02-03,0.9632420062193551,7.396329914583333
1419,2020-02-04,0.9531570373818198,7.574166346875001
1419,2020-02-05,0.9371304705769149,6.505861068750001
1419,2020-02-06,0.9029432309470181,6.619951212499999
1419,2020-02-07,0.8860868213068332,7.025947294791667
1419,2020-02-08,0.8845493637944932,7.0311560093750005
1419,2020-02-09,0.9313495847600456,5.760215198958334
1419,2020-02-10,0.947920212238194,7.416468729166667
1419,2020-02-11,0.9550784773930959,8.049041684375
1419,2020-02-12,0.9153661919808332,7.6570937416666665
1419,2020-02-13,0.9069029551158919,7.627902569791668
1419,2020-02-14,0.9034203284905492,7.620722337500001
1419,2020-02-15,0.9057150798025008,6.791923723958334
1419,2020-02-16,0.9127938249364846,6.611784608333334
1419,2020-02-17,0.9009826843826558,7.397215097916667
1419,2020-02-18,0.9402929539228767,7.653920232291667
1419,2020-02-19,0.9197057713947755,7.926913408333334
1419,2020-02-20,0.9244950579530811,8.184847070833333
1419,2020-02-21,0.887009330883529,7.6027328604166655
1419,2020-02-22,0.5483275409965401,2.1975624802083336
1419,2020-02-23,0.486039039746867,4.286538114583333
1419,2020-02-24,0.4903914086072403,4.434121392708334
1419,2020-02-25,0.510355711328501,4.741542259375
1419,2020-02-26,0.48778403754038635,4.559076454166667
1419,2020-02-27,0.48131786424284495,4.436830041979167
1419,2020-02-28,0.5745680750819302,3.6530277677083336
1419,2020-02-29,0.9593195488813282,5.490868054166666
1419,2020-03-01,0.9366849956209999,8.147715775
1419,2020-03-02,0.9640703116633806,8.161218789583334
1419,2020-03-03,0.9221782996861778,8.809642315625
1419,2020-03-04,0.8885042263120786,8.559996857291667
1419,2020-03-05,0.8828290012636496,7.941197971875
1419,2020-03-06,0.8995199354138801,7.7817465385416655
1419,2020-03-07,0.9395698732039381,7.20078503125
1419,2020-03-08,0.951912395555939,9.036536851041667
1419,2020-03-09,0.9250846963227536,7.575909802083333
1419,2020-03-10,0.9948718639102443,3.5959548375000003
1419,2020-03-11,0.9471417198860203,6.892048752083333
1419,2020-03-12,0.52044420155467,3.0983819833333333
1419,2020-03-13,0.5371467511951339,2.7211909412812503
1419,2020-03-14,0.53468398790686,2.7622605385416663
1419,2020-03-15,0.5094578384629254,3.3757568514583336
1419,2020-03-16,0.5107161955666331,4.230926898958333
1419,2020-03-17,0.5026976250259131,3.589722461458333
1419,2020-03-18,0.5361490344508681,3.0083888958333334
1419,2020-03-19,0.5223543855612405,3.9496147055208333
1419,2020-03-20,0.5071029346727256,4.59366324375
1419,2020-03-21,0.49477152007617675,4.993205069791667
1419,2020-03-22,0.4971693699290379,4.529493143020833
1419,2020-03-23,0.5577250022439031,4.629677061458334
1419,2020-03-24,0.9249300282086822,9.9266353875
1419,2020-03-25,0.9423965284605473,8.943614869791666
1419,2020-03-26,0.9141156023320535,9.493479373958335
1419,2020-03-27,0.9373114069499139,10.376753511458332
1419,2020-03-28,0.9097207662631415,9.310930620833334
1419,2020-03-29,0.9325513118042976,6.030724492708333
1419,2020-03-30,0.8862664576629946,9.542270570833333
1419,2020-03-31,0.8783794023783287,9.385706620833334
1419,2020-04-01,0.8845632809971936,9.938486243749999
1419,2020-04-02,0.8907243486301841,10.347835104166666
1419,2020-04-03,0.8763958194433314,9.569017679166667
1419,2020-04-04,0.8806819622735926,10.052718738541666
1419,2020-04-05,0.9163498513496683,10.64911564375
1419,2020-04-06,0.9961506516400362,5.051530885416667
1419,2020-04-07,0.9229966041831071,8.105827507291666
1419,2020-04-08,0.9129205134477278,7.162975732291667
1419,2020-04-09,0.928504384601271,7.014392271875001
1419,2020-04-10,0.9654618541378913,5.715857372916667
1419,2020-04-11,0.881214603499391,10.070662286458333
1419,2020-04-12,0.8937400892247277,5.8495172645833335
1419,2020-04-13,0.8939135690618041,10.324036936458333
1419,2020-04-14,0.8987790477349925,11.105284735416665
1419,2020-04-15,0.8718918815348783,10.646079438541667
1419,2020-04-16,0.8677940825143592,10.032951817708334
1419,2020-04-17,0.8913142958921945,9.253330203125
1419,2020-04-18,0.9131408257560959,8.345819597916666
1419,2020-04-19,0.8697987349174688,9.669288210416665
1419,2020-04-20,0.8610967593689626,9.257875127083333
1419,2020-04-21,0.888424805330266,9.108458182291665
1419,2020-04-22,0.8541359104766438,9.885409641666667
1419,2020-04-23,0.8872988684477157,10.573708329166665
1419,2020-04-24,0.8583059908285581,10.48649669375
1419,2020-04-25,0.8433317870783182,10.331805411458333
1419,2020-04-26,0.8727175163222856,8.034722419791665
1419,2020-04-27,0.8342875492579215,9.779861386458334
1419,2020-04-28,0.8376750601482991,10.344097463541667
1419,2020-04-29,0.8274568141961722,9.771701465625
1419,2020-04-30,0.8820381043059022,9.947743236458333
1419,2020-05-01,0.8571928560824643,10.725079819791667
1419,2020-05-02,0.8522399739546169,10.672832872916667
1419,2020-05-03,0.8712729746222956,10.875316078125001
1419,2020-05-04,0.8622740986623141,10.972576343750001
1419,2020-05-05,0.41850919510504353,5.423173662499999
1419,2020-05-06,0.37397654064576535,4.626337094791666
1419,2020-05-07,0.3895985319690965,4.9371323
1419,2020-05-08,0.38567987234884094,4.952350772916667
1419,2020-05-09,0.3772921413420071,4.7661702041666665
1419,2020-05-10,0.39359388680297946,3.9287431187500004
1419,2020-05-11,0.4007732264304921,5.0278715180208335
1419,2020-05-12,0.41259355737910774,5.420656201041667
1419,2020-05-13,0.3971558442554308,4.8813541875
1419,2020-05-14,0.3930953883392536,4.9572675437500004
1419,2020-05-15,0.387978599050784,4.890222385833334
1419,2020-05-16,0.3872272777052397,4.325118089583333
1419,2020-05-17,0.4026549676588193,4.2910763364583335
1419,2020-05-18,0.40648493251494966,4.9976180447916665
1419,2020-05-19,0.42107522749979825,5.478319262916667
1419,2020-05-20,0.40894360451077355,5.158836994791667
1419,2020-05-21,0.39043504228998566,5.096364624270833
1419,2020-05-22,0.4026995369564997,4.874270830208333
1419,2020-05-23,0.40072830734144504,4.957128562812501
1419,2020-05-24,0.3962343500821132,5.1575661416770835
1419,2020-05-25,0.39546327757455113,5.147819522916667
1419,2020-05-26,0.3768831125352457,4.8729653886458335
1419,2020-05-27,0.37095196943987796,4.765677051354166
1419,2020-05-28,0.36961850923302453,4.686829739583334
1419,2020-05-29,0.3854724991501669,1.5505238785714286
